movieId,awards
1,27
2,4
3,2
4,9
5,1
6,14
7,2
8,1
9,0
10,2
11,1
12,0
13,5
14,11
15,1
16,4
17,33
18,1
19,7
20,1
21,6
22,2
23,1
24,2
25,32
26,3
27,1
28,7
29,5
30,5
31,6
32,10
34,20
35,7
36,23
37,0
38,1
39,6
40,1
41,7
42,2
43,2
44,1
45,7
46,4
47,29
48,15
49,5
50,37
52,12
53,21
54,0
55,4
57,2
58,32
59,8
60,1
61,0
62,5
63,1
64,0
65,3
66,1
68,3
69,1
70,7
71,4
72,2
73,6
74,0
76,3
77,4
78,4
79,1
80,5
81,2
82,8
83,3
84,1
85,2
86,1
87,4
88,0
89,0
92,6
93,1
94,1
95,4
96,2
97,8
98,1
99,1
100,1
101,2
102,1
103,1
104,1
105,7
107,5
108,0
110,33
111,22
112,2
113,0
114,10
116,9
117,1
118,0
119,0
121,12
122,1
123,10
124,13
125,1
126,1
129,0
130,4
131,0
132,2
135,0
137,0
140,3
141,7
144,4
145,4
146,3
147,0
148,2
149,1
150,28
151,2
152,5
153,10
154,7
155,2
156,2
157,0
158,4
159,6
160,2
161,5
162,17
163,1
164,3
165,2
166,2
167,0
168,0
169,2
170,0
171,1
172,2
173,2
174,1
175,1
176,7
177,2
178,1
179,0
180,0
181,1
183,3
184,2
185,2
186,1
187,1
188,2
189,0
190,4
191,1
193,10
194,12
195,1
196,3
198,2
199,6
200,1
201,1
202,1
203,3
204,0
205,3
206,2
207,1
208,6
209,0
211,1
213,5
214,29
215,1
216,1
217,0
218,1
219,2
220,1
222,1
223,6
224,4
225,2
227,0
228,0
229,5
230,1
231,5
232,7
233,16
234,1
235,27
236,2
237,1
238,3
239,5
240,1
241,2
242,6
243,1
244,0
245,1
246,23
247,17
248,0
249,1
250,0
251,0
252,0
253,24
254,2
255,0
256,5
257,1
258,1
259,1
260,63
261,7
262,3
263,6
264,1
265,26
266,3
267,0
268,4
269,0
270,2
271,1
272,16
273,20
274,2
275,1
276,1
277,1
278,1
279,3
280,2
281,5
282,5
283,3
285,1
287,1
288,5
289,0
290,22
291,0
292,5
293,6
294,0
295,0
296,70
299,4
300,6
301,2
302,10
303,1
304,2
305,3
306,19
307,21
308,2
309,8
312,2
313,1
314,1
315,4
316,6
317,2
318,21
319,14
320,2
321,25
322,4
324,6
325,0
326,7
327,0
328,2
329,2
330,2
331,3
332,3
333,1
334,3
335,1
336,0
337,8
338,1
339,4
340,1
341,6
342,9
343,2
344,5
345,13
346,5
347,1
348,22
349,3
350,3
351,3
352,3
353,5
354,1
355,6
356,50
357,24
358,1
360,0
361,0
362,2
363,5
364,40
365,2
366,3
367,6
368,1
369,2
370,3
371,1
372,2
373,3
374,2
375,0
376,4
377,20
378,1
379,1
380,8
381,4
382,2
383,3
384,0
387,1
388,0
389,2
390,0
391,1
392,4
393,2
401,0
405,1
407,1
408,0
409,1
410,3
412,15
413,0
414,0
415,1
416,0
417,1
418,0
419,1
420,3
421,1
422,2
423,2
424,1
425,4
426,6
427,1
428,1
429,2
431,2
432,2
433,0
434,1
435,2
436,2
437,0
438,0
439,1
440,2
441,1
442,1
443,0
444,4
445,0
446,25
447,0
448,6
449,1
450,4
451,1
452,2
453,0
454,3
455,7
456,5
457,13
458,1
459,3
460,2
461,4
463,1
464,1
465,1
466,1
467,0
468,1
469,12
470,0
471,3
472,1
473,0
474,2
475,7
476,0
477,3
479,0
480,44
481,4
482,2
483,8
484,1
485,1
486,4
487,0
488,1
489,1
490,2
491,3
492,4
493,2
494,2
495,4
496,3
497,5
498,0
499,0
500,11
501,8
502,1
504,1
505,4
506,15
507,1
508,20
509,65
510,5
511,0
512,2
513,0
514,1
515,17
516,0
517,1
518,3
519,3
520,1
521,2
522,8
523,3
524,2
526,7
527,91
528,0
529,6
531,3
532,1
533,4
534,7
535,17
536,2
537,1
538,6
539,4
540,4
541,12
542,1
543,0
544,0
546,2
547,1
548,0
549,7
550,0
551,6
552,2
553,2
554,0
555,1
556,6
558,5
559,1
561,0
562,4
563,2
564,0
565,23
567,5
568,3
569,2
571,0
573,1
574,3
575,2
577,4
580,0
581,7
582,2
585,3
586,11
587,18
588,33
589,37
590,51
592,10
593,69
594,11
595,32
596,7
597,8
599,6
600,2
603,1
605,4
606,0
608,83
609,3
610,4
611,1
612,1
613,1
614,2
615,10
616,3
617,5
619,4
620,3
621,2
626,0
627,1
628,10
630,0
631,3
632,8
633,6
635,3
637,1
638,0
639,1
640,2
647,9
648,3
650,4
651,0
653,3
656,1
659,1
661,4
662,1
663,5
664,1
665,8
667,0
668,11
670,5
671,1
673,5
674,1
678,1
679,0
680,1
681,2
685,1
687,5
688,0
690,4
691,1
692,0
694,0
695,0
696,4
697,0
698,0
700,1
702,5
703,0
704,1
705,1
707,1
708,2
709,1
710,0
711,5
714,5
715,4
718,1
719,0
720,0
721,2
722,1
724,1
725,0
726,1
728,2
731,1
733,9
735,9
736,11
737,1
741,5
742,2
743,0
745,19
746,1
747,3
748,1
750,14
753,1
754,1
755,1
756,2
757,9
759,1
760,3
761,3
762,8
764,3
765,6
766,5
767,3
769,0
775,2
778,23
779,1
780,35
781,3
782,1
783,8
784,3
785,0
786,3
787,0
788,10
793,3
798,1
799,3
800,15
801,5
802,7
803,7
804,3
805,7
806,0
808,3
809,0
810,2
813,0
816,1
818,2
820,0
824,7
828,1
829,2
830,3
831,3
832,3
833,0
834,0
835,0
836,1
837,3
838,3
839,2
840,1
841,0
842,0
844,0
845,4
846,0
848,3
849,3
850,4
851,2
852,4
854,6
858,31
861,2
864,1
865,2
866,8
867,2
869,3
870,1
872,10
875,0
876,0
879,4
880,2
881,1
882,0
885,1
886,2
888,2
889,2
891,3
892,1
893,0
896,9
897,4
898,5
899,7
900,10
901,3
902,11
903,8
904,6
905,11
906,6
907,1
908,8
909,24
910,15
911,3
912,10
913,5
914,25
915,7
916,11
917,1
918,7
919,13
920,21
921,2
922,18
923,11
924,16
926,26
927,2
928,7
929,1
930,3
931,6
932,2
933,1
934,4
935,2
936,5
937,3
938,21
939,2
940,6
941,1
942,5
943,1
944,3
945,2
946,2
947,2
948,7
949,13
950,3
951,2
952,13
953,6
954,6
955,2
956,2
957,0
960,0
961,0
962,0
963,1
964,0
965,1
966,2
968,7
969,5
970,1
971,3
972,0
973,1
976,4
980,3
981,0
982,5
984,0
986,5
987,0
988,3
990,0
991,4
992,0
994,10
996,0
997,4
998,5
999,1
1003,0
1004,0
1005,2
1006,2
1007,0
1008,0
1009,0
1010,1
1011,1
1012,2
1013,2
1014,2
1015,1
1016,1
1017,0
1018,6
1019,5
1020,2
1021,1
1022,6
1023,2
1024,3
1025,1
1026,1
1027,16
1028,22
1029,5
1030,6
1031,2
1032,2
1033,1
1034,6
1035,17
1036,8
1037,3
1040,1
1041,36
1042,3
1043,1
1044,0
1046,4
1047,3
1049,1
1050,2
1051,4
1053,0
1054,2
1055,0
1056,5
1057,11
1059,15
1060,3
1061,1
1063,1
1064,2
1066,4
1067,1
1068,3
1069,1
1073,2
1076,3
1077,2
1078,2
1079,9
1080,0
1081,11
1082,3
1083,3
1084,23
1085,6
1086,5
1087,1
1088,11
1089,12
1090,24
1091,1
1092,5
1093,3
1094,22
1095,8
1096,13
1097,52
1099,0
1100,1
1101,11
1103,3
1104,17
1105,0
1111,9
1112,2
1113,0
1114,2
1120,22
1123,1
1124,14
1125,2
1126,0
1127,9
1128,1
1129,4
1130,2
1131,11
1132,4
1133,0
1135,1
1136,3
1137,0
1145,0
1147,12
1148,14
1150,6
1151,6
1152,1
1153,0
1154,1
1161,18
1162,2
1163,2
1164,1
1165,1
1167,1
1168,0
1169,12
1171,4
1172,25
1173,7
1174,2
1175,15
1176,11
1177,4
1178,7
1179,10
1180,4
1181,0
1183,62
1184,9
1185,23
1186,15
1187,2
1188,19
1189,12
1190,8
1191,1
1192,17
1193,38
1194,0
1196,25
1197,7
1198,38
1199,8
1200,20
1201,3
1202,1
1203,17
1204,31
1206,12
1207,14
1208,21
1209,5
1210,23
1211,19
1212,5
1213,44
1214,18
1215,12
1216,3
1217,30
1218,2
1219,7
1220,2
1221,17
1222,8
1223,3
1224,11
1225,43
1226,11
1227,12
1228,24
1230,31
1231,11
1232,2
1233,13
1234,18
1235,2
1236,4
1237,10
1238,4
1240,8
1241,14
1242,14
1243,3
1244,16
1245,4
1246,20
1247,21
1248,7
1249,6
1250,30
1251,19
1252,21
1253,3
1254,16
1255,1
1256,2
1257,0
1258,4
1259,6
1260,2
1261,5
1262,3
1263,24
1264,8
1265,7
1266,50
1267,5
1268,3
1269,1
1270,22
1271,6
1272,24
1273,4
1274,1
1275,0
1276,4
1277,31
1278,11
1279,1
1280,25
1281,7
1282,8
1283,17
1284,2
1285,3
1286,7
1287,29
1288,2
1289,6
1290,1
1291,8
1292,14
1293,35
1295,7
1296,25
1297,2
1298,3
1299,28
1300,15
1301,2
1302,7
1303,9
1304,21
1305,18
1306,3
1307,4
1310,1
1311,0
1312,2
1317,0
1320,5
1321,3
1322,0
1323,1
1324,0
1325,0
1326,1
1327,8
1328,0
1329,1
1330,0
1331,0
1332,1
1333,5
1334,1
1335,0
1336,2
1337,3
1339,24
1340,4
1341,6
1342,5
1343,5
1344,0
1345,3
1346,3
1347,5
1348,1
1349,0
1350,5
1351,2
1352,1
1353,4
1354,44
1355,2
1356,8
1357,46
1358,14
1359,2
1361,9
1363,4
1365,20
1366,4
1367,3
1369,4
1370,2
1371,4
1372,2
1373,4
1374,3
1375,1
1376,4
1377,2
1378,1
1379,3
1380,5
1381,3
1382,0
1384,2
1385,3
1387,15
1388,0
1389,5
1390,0
1391,3
1392,3
1393,26
1394,4
1395,0
1396,2
1397,6
1398,1
1399,4
1401,2
1404,1
1405,1
1406,9
1407,12
1408,7
1409,1
1410,6
1411,9
1413,6
1414,3
1415,3
1416,19
1417,5
1419,1
1420,1
1422,0
1423,3
1425,0
1427,4
1428,12
1429,2
1430,1
1431,1
1432,1
1433,1
1437,2
1438,4
1440,0
1441,4
1442,0
1444,7
1445,2
1446,21
1447,2
1449,2
1450,14
1453,1
1454,1
1455,0
1456,1
1457,3
1458,3
1459,1
1460,2
1461,1
1463,2
1464,5
1465,3
1466,2
1468,0
1472,1
1473,0
1474,3
1475,1
1476,2
1479,1
1480,1
1482,1
1483,9
1484,7
1485,4
1487,9
1488,1
1489,3
1490,2
1493,1
1495,1
1497,4
1498,0
1499,6
1500,2
1501,0
1502,7
1503,1
1504,7
1507,1
1508,1
1513,4
1515,1
1516,6
1517,3
1518,1
1523,0
1525,2
1526,1
1527,10
1529,2
1531,3
1532,0
1535,1
1537,55
1539,1
1541,1
1542,10
1543,0
1544,4
1545,11
1546,0
1549,2
1550,0
1552,7
1554,5
1555,4
1556,1
1562,10
1563,0
1564,0
1566,9
1569,12
1570,3
1571,1
1572,1
1573,11
1575,5
1580,22
1581,0
1582,1
1583,1
1584,14
1586,2
1587,2
1588,1
1589,1
1590,1
1591,2
1592,4
1593,0
1594,14
1595,2
1596,3
1597,4
1598,1
1599,1
1600,3
1601,7
1602,4
1603,3
1604,1
1605,2
1606,0
1608,7
1609,1
1610,3
1611,12
1612,0
1613,1
1614,7
1615,3
1616,2
1617,92
1619,3
1620,5
1621,6
1623,3
1624,2
1625,1
1626,1
1627,1
1629,0
1631,0
1632,1
1633,8
1635,6
1636,0
1639,5
1640,0
1641,37
1642,2
1643,12
1644,3
1645,2
1646,0
1647,0
1648,1
1649,11
1652,1
1653,6
1654,1
1655,2
1657,2
1658,1
1660,12
1661,0
1663,0
1665,2
1667,1
1668,1
1669,4
1670,1
1671,3
1672,2
1673,37
1674,13
1676,3
1678,4
1680,6
1681,0
1682,40
1683,16
1684,2
1686,4
1687,1
1688,10
1689,0
1690,7
1692,0
1693,11
1694,13
1696,3
1699,10
1701,4
1702,3
1703,1
1704,24
1707,3
1711,1
1713,2
1715,1
1717,8
1719,34
1721,12
1722,6
1726,7
1727,4
1728,5
1729,8
1730,7
1731,2
1732,5
1733,8
1734,13
1735,1
1739,2
1744,0
1746,0
1747,2
1748,12
1750,0
1752,0
1753,0
1754,3
1755,3
1756,2
1757,8
1759,6
1760,3
1762,2
1767,0
1769,1
1771,1
1772,4
1777,5
1779,3
1783,0
1784,38
1785,1
1788,0
1791,0
1792,1
1794,4
1795,27
1796,0
1797,1
1798,1
1799,0
1801,3
1804,0
1805,2
1806,2
1807,0
1809,23
1810,10
1812,2
1816,0
1819,1
1821,1
1822,1
1824,0
1826,5
1827,6
1831,3
1833,2
1834,3
1835,10
1836,1
1837,1
1839,0
1840,10
1841,0
1844,11
1845,1
1846,9
1848,1
1852,0
1854,1
1855,1
1856,1
1858,1
1859,4
1860,18
1861,10
1862,1
1863,1
1864,0
1865,4
1866,0
1870,2
1873,1
1874,1
1875,2
1876,5
1878,0
1880,7
1881,1
1882,10
1883,1
1884,1
1885,14
1886,0
1887,0
1888,3
1889,1
1891,7
1892,2
1894,2
1895,2
1896,1
1897,8
1900,13
1901,1
1902,0
1903,3
1904,1
1907,17
1909,7
1910,10
1911,4
1912,13
1913,4
1914,12
1916,6
1917,15
1918,4
1919,5
1920,3
1921,8
1922,0
1923,17
1924,0
1925,7
1926,3
1927,7
1928,5
1929,2
1931,3
1932,4
1933,8
1934,2
1935,13
1936,10
1937,19
1938,16
1939,21
1940,12
1941,16
1942,14
1943,9
1944,25
1945,30
1946,19
1947,28
1948,20
1949,33
1950,23
1951,12
1952,28
1953,22
1954,20
1955,39
1956,20
1957,18
1958,32
1959,30
1960,60
1961,26
1962,21
1963,3
1964,9
1965,2
1966,6
1967,4
1968,4
1969,2
1970,1
1971,2
1972,3
1973,1
1974,6
1975,3
1976,2
1977,2
1978,2
1979,2
1980,4
1981,2
1982,7
1983,1
1984,1
1985,1
1986,1
1987,2
1988,4
1989,0
1990,0
1991,2
1992,1
1993,1
1994,4
1995,1
1996,2
1997,16
1998,3
1999,2
2000,7
2001,1
2002,3
2003,8
2004,6
2005,3
2006,9
2007,0
2008,1
2009,3
2010,6
2011,9
2012,5
2013,5
2014,3
2015,1
2016,0
2017,1
2018,6
2019,5
2020,21
2021,2
2022,2
2023,6
2024,4
2025,2
2026,1
2027,2
2028,79
2029,4
2031,2
2032,0
2033,0
2034,8
2035,0
2036,0
2037,0
2038,1
2039,1
2040,0
2041,0
2042,0
2043,1
2044,0
2045,0
2046,4
2047,0
2048,1
2049,2
2050,2
2051,0
2052,2
2053,10
2054,2
2055,0
2056,2
2057,0
2058,2
2059,2
2060,2
2062,3
2063,3
2064,14
2065,15
2066,1
2067,21
2068,25
2069,7
2070,10
2071,11
2072,1
2073,0
2074,2
2075,15
2076,18
2077,1
2078,6
2079,0
2080,1
2081,14
2082,2
2083,2
2084,1
2085,1
2086,2
2087,2
2088,3
2089,6
2090,2
2091,0
2092,1
2093,6
2094,1
2095,0
2096,4
2097,2
2098,2
2099,2
2100,2
2101,0
2102,1
2103,0
2104,3
2105,2
2106,1
2107,2
2108,3
2109,1
2110,0
2111,0
2112,3
2113,2
2114,1
2115,11
2116,1
2117,6
2118,7
2119,4
2120,1
2121,1
2122,1
2123,1
2124,5
2125,6
2126,1
2128,0
2130,25
2131,10
2132,22
2133,2
2134,1
2135,6
2136,1
2137,1
2138,1
2139,1
2140,2
2141,6
2142,1
2143,1
2144,2
2145,1
2146,1
2147,1
2148,1
2149,1
2150,2
2151,1
2152,4
2153,4
2154,4
2155,9
2159,9
2160,11
2161,5
2162,2
2163,1
2164,0
2165,2
2166,2
2167,5
2168,5
2169,0
2170,1
2171,3
2173,21
2174,7
2176,2
2177,2
2178,2
2180,3
2181,2
2182,1
2183,2
2184,1
2186,3
2187,2
2188,9
2189,3
2190,6
2191,1
2193,1
2194,11
2195,0
2197,2
2200,1
2201,1
2202,3
2203,2
2204,1
2205,0
2206,5
2207,0
2208,1
2210,0
2212,1
2214,0
2215,0
2219,0
2221,0
2227,1
2231,1
2232,13
2236,3
2237,1
2238,4
2239,4
2240,1
2241,0
2243,15
2244,0
2245,9
2246,1
2247,6
2248,1
2249,0
2250,3
2252,0
2253,12
2254,1
2255,0
2256,0
2257,0
2259,1
2260,1
2261,0
2262,1
2263,1
2264,0
2265,2
2266,1
2267,1
2268,10
2269,7
2271,1
2272,8
2273,6
2275,2
2276,4
2278,1
2279,1
2280,1
2282,2
2283,9
2284,4
2285,2
2286,2
2287,1
2288,3
2289,24
2290,2
2291,9
2292,0
2294,6
2295,1
2296,0
2297,7
2300,3
2301,1
2302,5
2303,24
2304,7
2305,4
2306,1
2307,0
2310,3
2311,1
2312,6
2313,11
2314,3
2315,5
2316,1
2318,12
2320,6
2321,18
2322,1
2323,5
2324,72
2325,0
2327,1
2328,7
2329,4
2330,3
2331,5
2333,38
2334,2
2335,6
2336,34
2337,4
2338,5
2339,0
2340,3
2342,4
2344,2
2345,1
2346,1
2347,1
2348,4
2349,14
2350,0
2351,18
2352,3
2353,5
2354,2
2355,14
2356,4
2357,43
2359,9
2360,28
2361,1
2362,0
2363,3
2364,2
2365,0
2366,3
2367,5
2368,2
2369,1
2370,5
2371,1
2372,0
2373,3
2374,1
2375,0
2376,2
2377,1
2378,1
2379,1
2380,1
2381,2
2382,1
2383,0
2384,1
2385,0
2386,1
2387,2
2388,12
2389,4
2390,2
2391,16
2392,1
2393,3
2394,12
2395,16
2396,64
2397,1
2398,8
2399,0
2400,2
2401,2
2402,5
2403,1
2404,2
2405,0
2406,8
2407,7
2408,4
2409,2
2410,3
2411,9
2412,9
2413,0
2414,1
2415,0
2416,1
2417,1
2418,1
2419,1
2420,2
2421,4
2422,5
2423,0
2424,6
2425,9
2427,21
2428,11
2429,1
2430,1
2431,1
2432,8
2433,5
2434,2
2435,1
2436,5
2437,4
2438,1
2439,8
2440,3
2441,4
2442,4
2443,1
2445,0
2446,1
2447,2
2448,0
2449,4
2450,5
2451,2
2453,3
2454,1
2455,7
2456,3
2457,1
2458,0
2459,1
2460,1
2461,1
2462,1
2463,1
2464,0
2465,4
2467,17
2468,2
2469,4
2470,3
2471,2
2472,1
2473,0
2474,3
2475,1
2476,3
2478,0
2479,6
2481,13
2482,2
2483,16
2485,8
2486,3
2487,0
2488,0
2490,2
2491,0
2492,1
2493,13
2494,1
2495,1
2496,1
2497,6
2498,3
2499,2
2500,1
2501,4
2502,1
2504,2
2505,2
2506,2
2507,1
2511,2
2513,1
2514,3
2515,1
2516,0
2517,2
2518,1
2519,0
2520,5
2521,1
2522,2
2523,0
2524,12
2525,3
2526,1
2527,4
2528,7
2529,6
2530,1
2531,2
2532,1
2533,1
2534,0
2535,3
2536,2
2537,1
2539,4
2540,1
2541,8
2542,13
2545,1
2546,3
2548,1
2549,0
2550,1
2551,20
2552,0
2553,2
2554,0
2555,2
2557,5
2558,2
2559,6
2560,1
2561,5
2562,4
2563,2
2565,10
2566,1
2567,1
2568,7
2569,0
2570,1
2571,42
2572,2
2573,8
2574,1
2575,16
2577,0
2579,5
2580,5
2581,2
2582,1
2583,3
2585,14
2586,2
2587,1
2589,0
2590,1
2594,6
2596,2
2597,1
2598,2
2599,16
2600,3
2605,4
2606,4
2607,6
2609,21
2610,7
2611,6
2612,3
2613,1
2615,0
2616,9
2617,5
2618,2
2620,2
2621,12
2622,1
2624,7
2625,4
2626,5
2627,0
2628,26
2629,1
2630,4
2631,1
2633,1
2634,1
2635,1
2636,1
2637,1
2638,1
2639,9
2640,17
2641,3
2642,2
2643,2
2644,5
2647,2
2648,4
2649,1
2650,1
2651,2
2652,1
2653,1
2654,2
2655,0
2656,1
2657,4
2659,0
2660,1
2661,1
2662,5
2664,2
2668,1
2669,0
2670,1
2671,11
2672,1
2673,9
2674,1
2676,1
2677,21
2678,1
2681,5
2682,2
2683,18
2686,20
2687,11
2688,3
2689,1
2690,4
2691,22
2692,28
2693,1
2694,8
2696,5
2697,6
2699,2
2700,7
2701,15
2702,6
2704,5
2706,9
2707,5
2708,5
2709,1
2710,19
2712,12
2713,0
2714,1
2715,0
2716,7
2717,2
2718,2
2719,4
2720,1
2721,2
2722,2
2723,3
2724,6
2725,5
2726,1
2727,1
2728,12
2729,2
2730,19
2731,10
2732,3
2733,0
2734,1
2735,2
2736,0
2738,3
2739,14
2741,1
2745,15
2746,2
2747,0
2748,1
2749,1
2750,3
2751,1
2752,2
2753,0
2754,0
2755,1
2757,2
2758,2
2759,4
2761,20
2762,37
2763,3
2764,2
2766,4
2767,1
2769,3
2770,6
2771,1
2772,3
2774,1
2775,9
2776,1
2779,9
2780,1
2781,1
2782,0
2783,0
2784,0
2786,1
2787,2
2788,0
2789,3
2790,1
2791,3
2792,0
2793,3
2794,1
2795,0
2796,0
2797,11
2798,1
2799,3
2800,1
2801,10
2802,2
2803,1
2804,3
2805,0
2806,4
2807,0
2808,0
2809,0
2810,4
2812,2
2815,0
2816,3
2817,0
2819,6
2820,0
2822,1
2824,6
2826,2
2827,1
2828,1
2829,3
2832,1
2835,1
2836,1
2837,1
2839,8
2840,6
2841,3
2843,6
2844,1
2845,2
2846,3
2847,1
2848,1
2849,1
2850,3
2851,5
2852,6
2853,3
2855,1
2856,0
2857,2
2858,11
2859,3
2860,0
2861,7
2862,2
2863,2
2864,0
2866,3
2867,5
2868,2
2869,3
2870,7
2871,3
2872,2
2874,1
2875,2
2876,1
2877,2
2878,1
2879,1
2880,1
2881,4
2882,2
2883,1
2884,1
2885,2
2886,1
2887,1
2888,1
2889,1
2890,8
2891,6
2892,2
2893,0
2894,1
2897,11
2898,4
2899,2
2900,7
2901,2
2902,2
2903,2
2904,0
2905,1
2906,0
2907,2
2908,50
2912,1
2913,0
2915,3
2916,7
2917,6
2918,2
2919,10
2920,2
2921,0
2922,0
2923,1
2924,0
2925,10
2926,7
2927,3
2928,0
2929,22
2930,3
2932,13
2935,2
2936,2
2937,1
2938,13
2939,0
2940,1
2941,1
2942,11
2943,12
2944,4
2945,0
2946,5
2947,6
2948,3
2949,4
2950,4
2951,1
2952,2
2953,3
2956,2
2959,11
2961,1
2962,0
2964,3
2966,18
2967,1
2968,1
2969,14
2970,4
2971,11
2972,18
2973,16
2974,0
2975,8
2976,2
2977,5
2978,0
2979,0
2981,1
2982,3
2983,5
2984,1
2985,11
2986,3
2987,24
2988,17
2989,2
2990,1
2991,3
2992,1
2993,5
2995,1
2996,5
2997,48
2998,2
3000,15
3001,0
3002,1
3003,10
3004,1
3005,1
3006,23
3007,6
3008,12
3010,9
3011,10
3013,1
3015,1
3016,2
3017,1
3018,4
3019,12
3020,1
3021,0
3022,2
3024,1
3025,0
3028,7
3029,0
3030,4
3031,1
3032,1
3033,1
3034,1
3035,4
3036,11
3037,4
3038,2
3039,3
3040,9
3041,0
3042,0
3043,0
3044,1
3045,4
3046,1
3047,0
3048,1
3051,4
3052,8
3053,5
3054,3
3055,5
3057,1
3060,11
3061,2
3062,8
3063,2
3064,0
3066,2
3067,22
3068,3
3069,4
3070,5
3071,11
3072,18
3074,1
3075,2
3076,6
3077,1
3078,2
3079,5
3081,28
3082,7
3083,59
3086,0
3087,1
3088,2
3089,20
3090,2
3091,20
3093,1
3094,4
3095,10
3096,1
3097,2
3098,3
3099,3
3100,4
3101,7
3102,4
3103,0
3104,2
3105,6
3106,3
3107,1
3108,14
3109,2
3110,1
3111,13
3112,2
3113,1
3114,21
3115,3
3116,3
3117,1
3118,10
3120,4
3121,1
3122,0
3125,2
3127,2
3128,3
3129,1
3130,1
3133,1
3134,6
3135,3
3136,0
3138,0
3140,1
3141,0
3142,1
3143,1
3144,1
3145,5
3146,2
3147,15
3148,8
3150,9
3152,19
3153,1
3155,14
3156,2
3157,7
3158,7
3159,4
3160,28
3161,3
3163,13
3165,0
3166,0
3167,2
3168,8
3169,1
3171,10
3173,3
3174,5
3175,7
3176,10
3177,2
3178,7
3179,5
3180,0
3181,4
3182,1
3183,1
3185,5
3186,9
3188,12
3189,7
3190,0
3192,5
3194,6
3196,2
3197,0
3198,2
3199,3
3200,6
3201,10
3202,0
3203,5
3204,2
3205,1
3206,2
3207,1
3208,0
3210,2
3211,8
3213,1
3214,0
3216,0
3217,4
3218,4
3219,0
3221,1
3223,0
3224,11
3225,1
3232,1
3235,0
3238,1
3239,2
3240,0
3241,6
3243,1
3244,10
3245,2
3246,20
3247,9
3248,1
3249,6
3250,1
3251,1
3252,6
3253,4
3254,3
3255,6
3256,1
3257,10
3258,5
3259,3
3260,32
3261,1
3262,4
3263,4
3264,1
3265,3
3266,6
3267,7
3268,3
3269,0
3270,0
3271,1
3272,2
3273,6
3274,1
3275,0
3276,0
3281,4
3282,3
3284,1
3285,7
3286,4
3287,4
3289,17
3292,0
3294,2
3296,1
3298,1
3299,2
3300,2
3301,6
3302,4
3303,1
3304,1
3306,1
3307,3
3308,1
3309,0
3310,2
3313,0
3314,0
3316,3
3317,21
3318,1
3320,10
3324,1
3325,3
3326,1
3327,3
3328,1
3329,6
3330,3
3331,0
3334,1
3338,3
3339,2
3340,0
3341,5
3342,5
3343,1
3344,1
3347,4
3349,1
3350,3
3351,1
3354,2
3355,2
3357,6
3358,5
3359,11
3360,3
3361,7
3362,14
3363,9
3364,5
3365,3
3368,3
3370,0
3371,6
3377,1
3379,4
3380,0
3384,3
3385,0
3386,19
3387,0
3388,2
3390,1
3391,2
3392,1
3393,1
3394,1
3395,1
3396,3
3397,2
3398,3
3399,1
3400,0
3401,1
3402,0
3404,1
3405,2
3406,0
3408,33
3409,3
3412,5
3414,5
3415,1
3417,0
3418,25
3420,1
3421,2
3422,4
3423,1
3424,21
3425,1
3426,6
3427,0
3428,2
3429,6
3430,2
3431,2
3432,0
3434,0
3435,2
3436,3
3437,1
3438,3
3439,2
3440,1
3441,1
3442,1
3444,1
3445,1
3446,8
3447,4
3448,7
3449,0
3450,1
3451,11
3452,2
3453,2
3454,3
3456,10
3457,1
3459,2
3460,0
3461,1
3462,4
3463,0
3465,5
3466,1
3467,17
3468,13
3469,3
3470,8
3471,15
3474,6
3475,15
3476,3
3477,1
3478,3
3479,5
3480,3
3481,3
3483,1
3484,1
3487,2
3489,6
3490,1
3491,0
3492,1
3494,6
3495,0
3496,2
3497,1
3498,17
3499,5
3500,8
3501,4
3502,0
3503,5
3504,20
3505,0
3506,1
3507,3
3508,1
3509,0
3510,2
3511,1
3512,2
3513,1
3515,3
3516,4
3518,1
3519,1
3520,0
3521,1
3522,6
3524,11
3525,0
3526,4
3527,3
3528,3
3529,1
3531,2
3534,1
3535,8
3536,2
3537,0
3538,16
3539,3
3540,1
3543,3
3544,1
3545,39
3546,5
3547,5
3548,5
3549,3
3550,3
3551,4
3552,1
3553,3
3554,13
3555,4
3556,3
3557,5
3559,7
3560,3
3563,0
3564,1
3565,1
3566,1
3567,17
3568,2
3569,6
3571,2
3572,0
3573,0
3574,0
3575,4
3576,4
3577,1
3578,59
3579,3
3580,0
3581,9
3584,0
3587,0
3588,0
3590,0
3591,2
3593,19
3594,1
3596,0
3598,1
3599,1
3600,1
3602,3
3604,1
3605,0
3606,3
3608,2
3609,11
3611,1
3612,1
3613,2
3614,4
3615,4
3616,1
3617,4
3618,1
3619,0
3620,1
3621,5
3622,1
3623,12
3624,1
3626,2
3627,0
3628,3
3629,3
3632,5
3633,1
3634,4
3635,3
3637,8
3638,1
3639,2
3640,1
3643,1
3646,1
3649,2
3653,1
3654,4
3655,2
3656,0
3657,3
3658,0
3659,0
3660,1
3661,1
3662,0
3663,0
3664,0
3665,0
3668,16
3669,2
3671,3
3672,1
3673,1
3674,0
3675,1
3676,3
3677,2
3678,2
3679,1
3680,0
3681,2
3682,2
3683,6
3684,14
3685,27
3686,3
3687,1
3688,2
3689,1
3690,1
3691,0
3692,0
3693,1
3694,1
3695,1
3696,1
3697,1
3698,1
3699,1
3700,3
3701,1
3702,5
3703,8
3704,1
3705,0
3706,2
3707,3
3708,2
3709,5
3710,2
3712,5
3713,3
3714,4
3715,0
3716,2
3717,9
3718,2
3719,1
3720,12
3721,0
3723,3
3724,14
3725,0
3726,1
3727,1
3728,8
3729,6
3730,14
3731,2
3732,1
3733,3
3734,4
3735,8
3736,4
3737,1
3738,2
3739,2
3740,1
3741,4
3742,1
3743,1
3744,1
3745,1
3746,6
3747,4
3751,23
3752,2
3753,9
3754,2
3755,4
3757,2
3758,1
3759,0
3760,0
3761,2
3763,1
3764,0
3765,0
3766,0
3768,1
3769,1
3770,1
3771,3
3773,2
3774,0
3775,1
3777,0
3780,1
3783,1
3784,1
3785,7
3786,2
3787,17
3788,9
3789,6
3790,2
3791,1
3792,1
3793,13
3794,6
3795,4
3798,7
3799,2
3800,3
3801,12
3802,3
3804,0
3805,0
3806,1
3807,1
3809,2
3810,0
3811,13
3812,1
3813,9
3814,3
3816,25
3819,6
3820,2
3821,2
3822,6
3823,1
3824,3
3825,4
3826,7
3827,4
3829,0
3831,4
3832,2
3833,0
3834,2
3835,2
3836,1
3837,3
3838,1
3839,0
3840,3
3841,1
3843,0
3844,2
3845,1
3846,0
3847,1
3848,1
3849,2
3851,0
3852,2
3854,8
3855,7
3857,1
3858,2
3859,3
3860,2
3861,0
3863,9
3864,2
3865,3
3868,1
3869,2
3870,3
3871,6
3872,4
3873,10
3875,0
3877,3
3879,11
3880,5
3882,2
3883,4
3885,1
3886,2
3889,1
3890,1
3891,1
3892,1
3893,5
3895,2
3896,0
3897,54
3900,3
3901,1
3902,12
3903,5
3905,0
3906,2
3908,1
3909,3
3910,35
3911,11
3913,0
3914,1
3915,15
3916,8
3917,2
3918,1
3919,1
3920,4
3921,1
3922,0
3923,0
3924,0
3925,9
3926,0
3927,4
3928,3
3929,1
3930,1
3932,4
3933,0
3934,0
3936,3
3937,1
3938,0
3939,0
3940,0
3941,0
3942,0
3943,1
3945,1
3946,7
3947,1
3948,7
3949,37
3950,2
3951,3
3952,1
3953,4
3955,1
3956,2
3957,1
3959,1
3960,1
3961,0
3962,0
3963,5
3964,1
3965,2
3966,1
3967,57
3968,1
3969,1
3970,0
3971,0
3972,3
3973,5
3975,2
3976,2
3977,15
3978,2
3979,1
3980,11
3981,1
3983,30
3984,2
3985,0
3986,8
3987,2
3988,18
3989,5
3990,3
3991,1
3992,7
3993,18
3994,2
3996,10
3997,11
3998,5
3999,2
4000,2
4001,0
4002,1
4003,0
4005,3
4006,2
4007,10
4008,15
4009,3
4010,0
4011,4
4012,1
4014,7
4015,6
4016,7
4017,3
4018,5
4019,5
4020,11
4021,15
4022,15
4023,4
4024,6
4025,7
4026,10
4027,8
4029,7
4030,2
4031,2
4033,3
4034,74
4035,1
4036,16
4037,6
4039,2
4040,4
4041,9
4042,7
4043,2
4045,0
4046,5
4047,1
4048,0
4051,0
4052,2
4053,0
4054,6
4055,2
4056,1
4060,1
4061,3
4062,1
4063,0
4066,1
4067,2
4068,0
4069,2
4073,1
4076,1
4077,7
4079,0
4080,5
4081,0
4082,5
4084,6
4085,4
4086,4
4088,0
4089,4
4090,1
4091,1
4092,1
4095,5
4098,11
4101,0
4102,0
4103,13
4104,1
4105,3
4106,0
4108,4
4109,1
4111,2
4114,3
4115,1
4116,4
4117,16
4121,2
4122,2
4123,1
4124,1
4126,1
4128,3
4130,0
4131,0
4132,5
4133,2
4135,3
4136,1
4139,0
4140,0
4141,0
4142,3
4143,2
4144,46
4146,2
4148,9
4149,0
4151,16
4153,3
4155,3
4156,0
4158,3
4159,13
4161,3
4162,1
4166,3
4167,1
4168,4
4169,0
4171,10
4173,1
4174,2
4175,0
4177,2
4178,2
4179,10
4180,0
4181,0
4183,2
4184,1
4185,0
4186,3
4187,13
4188,10
4189,1
4190,11
4191,8
4194,0
4195,1
4197,0
4198,1
4200,2
4201,0
4203,1
4205,4
4207,0
4208,2
4210,2
4211,13
4212,5
4213,0
4214,0
4215,0
4216,6
4217,9
4218,4
4219,0
4220,2
4221,0
4222,1
4223,7
4224,4
4225,3
4226,57
4228,4
4229,1
4231,0
4232,2
4233,2
4234,1
4235,55
4236,5
4237,16
4238,1
4239,3
4241,0
4246,8
4247,1
4248,5
4251,12
4252,12
4254,1
4255,12
4262,8
4263,10
4265,1
4266,0
4267,0
4268,1
4270,6
4271,5
4273,1
4274,6
4275,1
4276,1
4277,1
4278,1
4279,1
4280,5
4281,1
4282,5
4284,1
4290,1
4291,4
4292,12
4293,3
4294,1
4296,10
4297,22
4298,6
4299,4
4300,5
4302,3
4304,10
4305,3
4306,40
4308,87
4310,14
4312,8
4316,1
4317,0
4318,2
4319,0
4321,8
4322,2
4324,2
4326,17
4327,2
4329,4
4332,0
4333,2
4334,15
4337,2
4338,5
4339,1
4340,6
4342,9
4343,2
4344,5
4345,2
4347,15
4349,5
4350,2
4351,1
4352,2
4353,0
4354,1
4355,1
4356,1
4357,5
4359,2
4360,4
4361,25
4366,2
4367,4
4368,3
4369,11
4370,17
4371,1
4372,5
4375,5
4378,21
4380,6
4381,1
4383,1
4384,3
4386,2
4387,2
4388,3
4389,4
4390,3
4391,3
4392,1
4394,0
4396,1
4397,1
4399,1
4401,0
4402,0
4403,3
4404,0
4405,0
4406,4
4407,4
4409,1
4410,2
4411,1
4414,2
4415,0
4417,1
4420,2
4422,23
4424,11
4426,1
4427,16
4428,1
4432,3
4433,3
4437,1
4438,2
4440,0
4441,0
4442,3
4443,1
4444,1
4445,1
4446,3
4447,6
4448,1
4450,3
4451,3
4452,1
4453,1
4454,9
4458,1
4459,2
4462,0
4464,4
4465,6
4466,1
4467,11
4469,0
4470,4
4471,1
4473,1
4474,1
4475,1
4477,1
4478,0
4479,10
4480,1
4482,2
4483,4
4486,1
4487,5
4488,1
4489,5
4490,0
4491,1
4492,3
4493,1
4495,2
4496,0
4498,0
4499,1
4500,3
4501,1
4502,0
4503,2
4506,0
4508,6
4509,0
4511,1
4515,0
4516,1
4518,1
4519,2
4520,2
4521,0
4522,1
4523,2
4524,2
4526,4
4527,1
4528,1
4529,14
4531,0
4532,3
4533,4
4534,3
4535,2
4537,5
4538,0
4539,1
4541,1
4543,2
4544,2
4545,1
4546,7
4550,2
4552,2
4553,4
4555,1
4557,8
4558,4
4559,1
4560,2
4561,2
4562,1
4563,4
4564,3
4565,0
4566,0
4567,0
4568,1
4569,0
4570,0
4571,3
4572,1
4573,1
4577,1
4578,1
4584,0
4585,0
4587,3
4589,0
4590,4
4591,0
4592,0
4593,0
4600,0
4602,2
4603,1
4605,1
4606,1
4608,0
4610,0
4612,18
4614,0
4615,6
4616,4
4617,0
4618,1
4619,2
4621,5
4622,0
4623,1
4624,4
4625,6
4626,2
4627,1
4628,1
4629,1
4630,0
4632,0
4634,0
4636,0
4638,5
4639,1
4640,1
4641,28
4642,28
4643,11
4644,32
4645,10
4649,1
4652,1
4654,5
4655,2
4658,1
4659,1
4660,1
4661,4
4662,0
4663,1
4664,4
4666,0
4667,0
4670,2
4673,3
4674,1
4675,1
4676,0
4677,1
4678,0
4679,0
4680,1
4681,2
4682,1
4684,0
4686,1
4687,7
4688,10
4690,1
4691,0
4692,1
4696,3
4697,0
4698,10
4699,2
4700,3
4701,10
4703,1
4704,4
4705,5
4706,1
4709,1
4710,1
4711,1
4712,4
4713,1
4714,2
4716,3
4717,1
4718,8
4719,1
4720,29
4721,7
4722,0
4723,4
4724,2
4725,2
4727,2
4728,3
4731,9
4732,1
4733,1
4734,1
4735,2
4736,1
4737,5
4738,1
4740,1
4741,15
4743,2
4744,5
4745,2
4748,1
4749,3
4750,2
4751,1
4752,1
4753,3
4754,2
4755,1
4756,1
4757,1
4761,3
4763,10
4765,20
4766,3
4767,2
4768,1
4769,7
4770,3
4771,2
4772,2
4774,0
4775,3
4776,18
4782,0
4783,8
4784,9
4787,2
4789,3
4792,1
4795,2
4796,4
4798,7
4799,3
4800,1
4801,3
4802,1
4803,1
4804,2
4806,6
4809,2
4810,4
4811,0
4812,1
4814,1
4815,2
4816,1
4818,0
4821,5
4822,1
4823,3
4826,2
4830,1
4831,4
4832,0
4833,11
4834,1
4835,11
4836,5
4837,5
4840,13
4842,0
4844,4
4846,2
4848,49
4849,1
4851,1
4854,0
4855,2
4857,9
4859,0
4861,0
4862,2
4863,0
4865,15
4866,1
4867,2
4873,5
4874,3
4875,4
4876,1
4878,12
4880,2
4881,25
4885,1
4886,15
4887,4
4888,1
4889,0
4890,3
4893,1
4895,0
4896,17
4897,1
4898,0
4899,2
4901,3
4902,6
4903,39
4911,0
4912,8
4914,5
4915,1
4920,3
4921,4
4923,0
4925,1
4927,4
4928,6
4929,1
4930,0
4932,1
4933,1
4936,7
4941,2
4945,2
4947,1
4948,0
4949,0
4951,3
4952,1
4954,2
4956,4
4957,1
4958,1
4960,2
4961,3
4963,4
4964,13
4965,4
4967,29
4968,6
4969,1
4970,0
4971,2
4972,3
4973,59
4974,5
4975,5
4976,14
4977,4
4978,36
4979,11
4980,1
4981,1
4984,4
4987,0
4988,0
4989,0
4990,6
4992,1
4993,12
4994,3
4995,37
4996,6
4998,16
4999,3
5000,2
5001,3
5002,0
5003,1
5004,1
5008,4
5009,10
5010,11
5012,6
5013,36
5014,8
5015,15
5016,2
5017,2
5018,0
5021,2
5022,8
5023,5
5025,3
5026,4
5027,0
5028,11
5033,5
5034,17
5038,0
5039,7
5040,1
5041,1
5042,1
5043,7
5046,1
5047,1
5048,1
5049,2
5051,21
5053,0
5054,2
5055,1
5056,5
5057,1
5059,5
5060,14
5061,3
5062,1
5063,3
5064,0
5065,1
5066,4
5069,0
5071,23
5072,1
5073,16
5074,1
5075,6
5076,0
5079,0
5080,0
5081,1
5083,6
5085,5
5087,3
5088,0
5092,1
5093,0
5094,5
5095,2
5096,0
5097,0
5098,0
5099,0
5101,1
5102,1
5103,1
5105,1
5106,2
5107,1
5108,2
5109,4
5110,1
5111,1
5114,7
5117,11
5119,10
5120,5
5121,2
5122,5
5125,1
5127,1
5128,7
5134,0
5135,7
5137,1
5139,1
5141,0
5142,2
5146,0
5147,18
5151,1
5152,3
5153,3
5159,3
5161,2
5164,0
5165,1
5167,0
5168,1
5169,1
5170,0
5171,2
5172,1
5177,4
5179,4
5180,0
5182,0
5186,1
5187,3
5193,3
5198,2
5199,1
5202,11
5203,1
5205,1
5208,3
5210,0
5214,3
5218,5
5219,7
5220,1
5222,8
5223,10
5224,15
5225,39
5226,0
5227,1
5229,2
5230,3
5231,1
5232,0
5233,1
5234,2
5236,0
5237,1
5238,3
5241,1
5242,0
5243,0
5244,0
5246,1
5247,2
5248,0
5250,1
5254,6
5255,1
5256,0
5258,9
5264,0
5265,2
5266,1
5267,5
5269,18
5271,1
5275,1
5276,3
5277,0
5278,0
5279,1
5282,2
5283,2
5285,4
5288,2
5289,1
5291,9
5292,1
5293,7
5294,5
5296,1
5297,1
5298,2
5299,20
5300,2
5301,1
5302,1
5303,1
5304,7
5305,0
5307,0
5308,2
5309,2
5312,2
5313,2
5315,3
5316,3
5319,22
5323,1
5324,1
5325,7
5329,1
5333,0
5334,0
5335,8
5337,0
5339,12
5341,7
5342,1
5343,1
5344,1
5346,2
5348,1
5349,16
5352,0
5353,2
5354,3
5356,0
5357,0
5359,6
5360,0
5361,1
5363,1
5364,3
5365,4
5366,0
5367,6
5372,2
5373,6
5375,1
5377,11
5378,19
5379,6
5380,2
5382,1
5383,0
5384,6
5385,3
5387,4
5388,1
5389,10
5391,8
5395,1
5398,1
5400,2
5401,1
5404,3
5410,2
5413,0
5414,0
5415,1
5416,2
5417,26
5418,3
5419,5
5420,3
5421,2
5422,1
5425,9
5427,1
5428,0
5433,2
5434,3
5438,0
5440,1
5443,1
5444,11
5445,20
5446,23
5447,7
5448,1
5449,5
5450,3
5452,1
5458,1
5459,4
5460,0
5462,1
5463,1
5464,23
5466,1
5470,1
5471,1
5473,2
5475,12
5477,11
5478,1
5479,1
5480,1
5481,5
5483,4
5489,5
5490,1
5498,11
5500,0
5501,1
5502,3
5503,16
5504,3
5505,5
5506,2
5507,4
5508,1
5515,9
5516,7
5517,5
5518,1
5521,1
5522,4
5523,1
5524,1
5525,14
5527,1
5528,6
5530,1
5531,2
5534,6
5535,2
5538,1
5539,1
5540,2
5541,1
5544,7
5548,1
5553,2
5556,3
5558,0
5560,3
5561,0
5562,0
5564,0
5568,0
5569,0
5570,15
5572,1
5573,1
5574,0
5575,4
5577,7
5581,3
5582,2
5585,0
5588,1
5597,0
5599,4
5600,1
5601,3
5602,2
5603,4
5604,1
5605,12
5607,37
5608,14
5609,5
5611,0
5612,0
5613,11
5615,1
5617,15
5618,58
5619,1
5620,3
5621,3
5622,0
5625,1
5628,0
5629,2
5630,4
5632,19
5633,6
5636,2
5637,5
5638,1
5641,2
5642,1
5643,0
5644,1
5646,3
5649,2
5650,1
5651,1
5655,1
5662,1
5663,2
5666,2
5667,1
5668,3
5669,39
5670,2
5672,0
5673,14
5675,8
5677,1
5678,1
5679,14
5680,6
5682,1
5684,0
5685,8
5686,10
5689,3
5690,3
5691,5
5693,4
5694,6
5696,7
5699,0
5700,1
5703,0
5705,1
5707,3
5710,0
5712,2
5715,0
5718,0
5723,1
5729,3
5732,1
5734,0
5735,0
5736,0
5737,0
5742,3
5745,1
5746,1
5747,11
5752,2
5754,3
5765,0
5768,1
5772,2
5773,2
5777,3
5778,0
5779,1
5780,1
5782,2
5784,1
5785,1
5787,2
5788,3
5791,17
5792,12
5795,1
5796,4
5799,5
5801,5
5803,2
5808,1
5809,2
5810,15
5812,10
5815,4
5816,13
5818,21
5819,2
5820,8
5825,1
5826,1
5828,1
5829,1
5830,0
5832,2
5833,5
5834,0
5836,3
5839,2
5840,1
5841,6
5843,1
5846,2
5847,2
5850,6
5853,3
5854,1
5857,0
5859,0
5864,2
5866,1
5867,2
5868,0
5869,2
5872,6
5873,2
5874,0
5875,6
5876,13
5878,46
5879,1
5880,1
5881,2
5882,1
5883,1
5888,8
5891,2
5893,9
5899,1
5900,1
5901,2
5902,65
5903,2
5909,3
5910,1
5913,0
5914,0
5915,1
5917,2
5918,1
5923,2
5926,2
5927,3
5932,4
5933,0
5936,1
5938,6
5940,2
5941,13
5942,4
5943,1
5944,1
5945,25
5947,4
5949,12
5952,12
5954,4
5955,19
5956,50
5957,2
5958,13
5959,1
5960,1
5961,2
5962,1
5963,1
5965,2
5966,0
5968,2
5969,1
5970,2
5971,5
5980,3
5981,0
5984,0
5985,3
5986,5
5989,16
5991,57
5992,43
5993,3
5994,1
5995,57
6000,0
6001,3
6003,7
6005,0
6006,8
6008,10
6012,0
6013,1
6014,0
6016,74
6021,6
6022,1
6025,0
6027,1
6031,4
6032,5
6033,0
6035,2
6037,0
6039,2
6040,1
6042,2
6047,0
6051,0
6056,4
6057,0
6058,4
6059,2
6060,1
6062,2
6063,9
6064,2
6073,3
6077,1
6078,0
6084,1
6091,2
6092,0
6093,1
6095,1
6096,1
6100,1
6101,12
6103,1
6104,0
6105,3
6107,19
6109,1
6114,1
6115,0
6116,3
6121,4
6122,0
6123,4
6124,2
6125,0
6126,4
6127,7
6132,0
6133,4
6140,0
6143,0
6148,1
6154,4
6155,1
6156,4
6157,5
6159,4
6162,2
6163,2
6166,3
6170,8
6178,4
6180,1
6182,2
6183,7
6184,1
6185,4
6186,1
6187,3
6188,5
6195,3
6197,13
6198,5
6201,0
6203,0
6204,1
6207,2
6211,1
6212,4
6213,2
6214,3
6215,2
6216,19
6218,17
6219,2
6223,2
6225,2
6227,0
6228,7
6229,1
6230,2
6231,0
6232,5
6233,1
6234,5
6235,8
6237,1
6238,3
6239,1
6240,1
6242,6
6243,1
6244,13
6245,6
6247,5
6249,1
6250,5
6252,1
6254,3
6256,1
6257,1
6260,6
6261,0
6263,3
6264,0
6265,10
6266,1
6268,4
6269,5
6271,13
6273,3
6276,0
6279,1
6281,1
6283,2
6284,0
6286,21
6287,2
6290,4
6291,12
6294,1
6295,1
6296,14
6297,3
6298,3
6299,5
6300,3
6301,1
6302,0
6303,4
6305,4
6306,0
6308,1
6314,0
6315,2
6316,2
6318,1
6322,0
6323,1
6327,1
6329,1
6331,17
6332,2
6333,6
6335,1
6337,3
6338,1
6339,8
6341,1
6342,3
6344,9
6345,8
6348,0
6349,1
6350,1
6355,7
6356,3
6357,1
6358,2
6365,8
6367,4
6368,1
6369,0
6370,8
6373,7
6375,1
6377,48
6378,7
6379,3
6380,25
6383,4
6384,4
6385,33
6386,1
6387,6
6390,5
6395,0
6400,3
6404,1
6405,1
6408,1
6410,3
6412,1
6413,1
6414,0
6415,3
6416,3
6419,6
6422,3
6423,0
6424,3
6425,0
6426,0
6427,3
6428,2
6429,1
6431,1
6432,3
6433,1
6436,2
6440,19
6442,25
6446,2
6447,1
6448,6
6449,1
6450,1
6452,2
6454,1
6458,1
6460,2
6461,0
6464,0
6465,1
6466,5
6467,2
6468,1
6470,1
6473,2
6474,7
6476,1
6477,8
6480,5
6482,1
6484,1
6493,1
6498,0
6502,10
6503,9
6506,3
6509,4
6513,0
6514,0
6515,0
6516,7
6518,0
6521,4
6522,1
6525,4
6527,2
6528,1
6530,2
6531,0
6533,2
6534,3
6535,3
6536,9
6537,3
6538,2
6539,38
6541,12
6547,3
6548,5
6550,6
6552,16
6559,0
6561,0
6562,1
6564,1
6565,6
6566,3
6568,6
6571,47
6579,1
6582,4
6584,0
6585,0
6586,3
6587,12
6591,18
6592,3
6593,5
6595,5
6596,2
6598,2
6599,3
6600,1
6602,1
6603,3
6609,7
6611,3
6612,10
6613,1
6615,2
6617,1
6618,12
6620,31
6624,5
6628,0
6629,1
6630,3
6636,0
6638,0
6639,5
6641,2
6643,3
6644,5
6645,2
6646,5
6650,4
6658,12
6659,5
6662,2
6663,2
6664,2
6665,3
6666,8
6669,6
6671,19
6676,1
6678,2
6679,0
6683,7
6684,18
6686,2
6690,4
6695,6
6703,0
6706,9
6707,3
6708,5
6709,3
6710,1
6711,98
6713,6
6718,0
6721,5
6722,2
6723,1
6724,8
6725,2
6728,1
6730,3
6731,2
6732,4
6735,5
6739,0
6743,1
6744,0
6748,1
6751,1
6753,1
6754,1
6755,7
6757,4
6760,7
6762,9
6763,2
6764,2
6765,5
6768,4
6769,1
6770,16
6771,0
6772,8
6773,21
6774,3
6776,56
6777,16
6779,1
6780,4
6782,0
6783,4
6785,7
6786,14
6787,17
6788,1
6790,4
6791,12
6793,1
6794,5
6796,12
6797,12
6798,5
6800,6
6803,1
6806,1
6807,1
6808,1
6810,2
6811,0
6812,0
6813,1
6814,1
6816,0
6818,3
6820,10
6822,2
6826,0
6827,1
6828,13
6829,0
6830,2
6832,1
6835,0
6840,7
6850,0
6851,4
6852,4
6856,6
6857,1
6858,1
6862,5
6863,8
6864,2
6867,29
6868,3
6869,21
6870,56
6872,2
6873,3
6874,29
6875,1
6877,5
6879,1
6880,4
6881,15
6883,1
6884,3
6885,1
6887,3
6888,2
6889,2
6890,9
6892,1
6893,1
6896,15
6898,10
6902,2
6906,0
6909,9
6918,6
6920,0
6927,3
6930,4
6932,11
6934,5
6935,13
6936,2
6940,1
6942,10
6944,1
6945,7
6947,23
6950,2
6951,7
6952,3
6953,30
6954,50
6957,1
6958,1
6959,0
6961,6
6963,2
6964,3
6966,3
6970,0
6971,18
6974,1
6975,6
6977,1
6978,1
6979,4
6981,7
6982,8
6983,0
6985,5
6986,1
6987,1
6989,1
6990,2
6991,3
6992,2
6993,27
6995,0
6996,0
6997,2
6999,0
7000,3
7001,3
7002,1
7003,3
7004,4
7005,0
7007,2
7008,7
7009,8
7010,3
7011,6
7012,0
7013,2
7016,4
7017,0
7018,1
7020,13
7022,7
7023,12
7024,2
7025,1
7026,1
7027,1
7028,0
7029,2
7034,19
7036,0
7038,2
7040,3
7042,5
7043,3
7044,5
7045,3
7046,5
7048,1
7050,2
7051,4
7055,2
7056,1
7058,2
7059,3
7060,3
7061,3
7062,4
7063,5
7064,1
7065,2
7067,12
7068,2
7069,3
7070,4
7071,9
7072,8
7073,3
7074,1
7075,1
7076,7
7078,5
7079,2
7080,1
7081,0
7082,6
7083,3
7084,2
7085,1
7086,3
7087,22
7088,4
7089,20
7090,46
7091,2
7093,3
7095,1
7096,7
7099,4
7101,0
7102,0
7104,6
7107,9
7108,2
7110,0
7111,9
7115,1
7116,4
7117,1
7121,1
7122,1
7123,13
7125,2
7126,0
7130,17
7131,2
7132,1
7135,1
7136,5
7137,9
7139,26
7142,8
7143,20
7147,69
7149,8
7150,2
7151,17
7152,4
7153,20
7154,6
7155,2
7156,14
7158,13
7160,30
7161,2
7162,20
7163,3
7164,3
7165,2
7171,2
7172,31
7173,1
7177,16
7178,7
7179,1
7180,1
7182,2
7186,1
7189,2
7190,1
7192,0
7193,5
7195,0
7196,4
7198,0
7199,5
7204,0
7206,7
7207,2
7208,3
7209,2
7210,3
7211,1
7212,1
7215,3
7216,3
7217,0
7219,0
7222,0
7223,1
7228,2
7234,12
7235,6
7236,2
7238,1
7243,2
7245,0
7247,4
7248,0
7250,1
7254,1
7255,8
7256,8
7257,0
7258,1
7260,3
7263,2
7265,3
7266,2
7272,1
7282,0
7283,1
7285,14
7293,6
7294,0
7299,5
7300,0
7302,2
7303,11
7305,0
7307,2
7308,2
7309,1
7311,3
7312,1
7315,2
7316,1
7317,2
7318,29
7319,0
7320,1
7323,36
7324,1
7325,3
7327,11
7334,1
7335,2
7340,3
7343,3
7346,2
7347,3
7348,0
7349,16
7352,10
7354,2
7355,2
7357,2
7358,1
7360,1
7361,73
7362,4
7366,2
7367,6
7369,2
7371,23
7372,3
7373,3
7374,5
7375,1
7376,2
7379,1
7380,1
7381,1
7382,14
7386,12
7387,2
7394,1
7395,1
7396,3
7407,0
7411,0
7415,4
7419,3
7437,1
7438,23
7439,1
7444,11
7445,1
7448,3
7449,0
7450,2
7451,7
7453,6
7454,3
7456,14
7458,5
7459,16
7460,2
7478,5
7481,2
7482,1
7484,3
7487,1
7492,1
7493,3
7502,34
7505,20
7541,4
7560,3
7564,5
7566,3
7569,2
7570,2
7571,0
7572,13
7573,1
7574,9
7577,3
7579,2
7583,3
7584,2
7585,2
7586,1
7587,1
7613,1
7614,4
7615,2
7616,1
7619,11
7620,0
7624,3
7625,1
7627,4
7636,5
7649,1
7650,1
7669,9
7697,2
7698,8
7700,6
7701,3
7702,6
7705,6
7706,2
7708,0
7713,1
7714,7
7720,1
7728,1
7738,1
7743,1
7748,2
7753,12
7757,0
7759,3
7762,4
7764,0
7766,4
7767,33
7771,8
7773,7
7774,1
7782,0
7786,8
7787,0
7789,3
7790,0
7791,0
7792,2
7802,0
7809,11
7810,0
7811,1
7812,0
7815,1
7817,2
7818,0
7820,6
7822,3
7826,0
7827,5
7831,0
7832,0
7833,0
7834,1
7835,0
7836,2
7840,1
7841,1
7842,9
7843,1
7844,3
7845,2
7846,1
7872,0
7878,0
7881,0
7882,0
7883,3
7888,2
7889,4
7892,0
7894,1
7895,2
7897,1
7899,0
7914,1
7915,4
7916,1
7919,4
7920,0
7921,1
7922,0
7924,4
7925,4
7926,3
7932,7
7934,7
7935,9
7936,10
7938,3
7939,3
7941,2
7942,0
7943,3
7944,2
7946,2
7947,3
7948,5
7951,7
7958,0
7959,0
7976,2
7979,1
7980,7
7981,24
7982,23
7983,3
7984,3
7987,1
7990,0
7991,0
7995,1
8003,2
8008,1
8009,5
8010,1
8011,4
8012,4
8014,16
8015,0
8016,1
8019,6
8033,1
8039,1
8042,5
8044,3
8056,1
8057,3
8070,11
8093,9
8094,4
8117,3
8121,15
8123,0
8125,9
8126,3
8128,29
8129,1
8130,1
8131,2
8132,0
8133,17
8136,0
8137,0
8138,0
8142,2
8143,1
8147,4
8154,11
8157,4
8158,1
8167,5
8169,2
8183,6
8187,0
8188,2
8189,0
8190,6
8191,6
8194,3
8195,6
8196,0
8197,7
8199,5
8207,1
8208,3
8225,2
8228,0
8235,1
8236,0
8239,2
8240,0
8253,1
8254,4
8256,1
8257,5
8261,3
8263,2
8264,6
8266,7
8267,2
8268,0
8273,6
8275,2
8290,0
8327,3
8331,1
8332,12
8336,3
8337,13
8338,5
8340,0
8341,1
8360,18
8361,6
8362,1
8363,1
8364,3
8366,1
8367,2
8368,17
8369,4
8370,24
8371,5
8372,1
8373,3
8376,10
8385,2
8387,0
8388,1
8392,1
8403,0
8404,0
8410,0
8420,2
8422,3
8423,1
8447,1
8451,1
8453,0
8459,9
8460,1
8462,3
8463,6
8464,7
8465,1
8477,2
8482,3
8484,7
8485,4
8487,5
8491,1
8492,0
8493,1
8494,1
8499,2
8502,4
8504,2
8507,2
8511,1
8522,0
8524,5
8525,0
8526,2
8527,1
8528,2
8529,7
8530,8
8531,3
8533,12
8534,2
8535,2
8537,2
8542,1
8544,0
8571,4
8572,0
8574,1
8575,3
8576,5
8577,0
8580,0
8581,2
8582,4
8583,2
8584,2
8589,7
8591,1
8596,1
8600,2
8604,3
8607,8
8609,1
8610,2
8611,1
8612,3
8614,3
8616,0
8617,1
8618,1
8620,4
8622,29
8623,3
8625,2
8629,0
8633,4
8636,25
8638,9
8640,4
8641,1
8642,1
8643,6
8644,1
8645,41
8650,5
8654,0
8656,8
8657,2
8661,10
8665,5
8666,13
8667,1
8670,0
8672,2
8675,3
8684,4
8689,1
8690,3
8695,1
8699,2
8700,1
8709,1
8711,1
8712,3
8713,3
8718,10
8720,1
8722,6
8724,10
8725,4
8727,2
8730,3
8743,1
8745,1
8751,1
8752,2
8753,2
8754,6
8761,0
8763,0
8765,1
8766,0
8767,2
8768,1
8772,10
8777,1
8779,7
8781,1
8783,4
8784,13
8785,7
8790,2
8795,3
8796,2
8797,4
8798,22
8799,1
8800,4
8807,3
8808,1
8810,2
8811,0
8813,2
8814,0
8819,0
8820,0
8821,0
8823,1
8827,0
8828,0
8830,2
8831,0
8832,8
8833,2
8835,0
8836,1
8838,6
8839,1
8840,2
8848,4
8850,1
8851,1
8853,0
8854,0
8857,2
8859,13
8860,2
8861,6
8864,1
8865,8
8866,1
8870,7
8871,0
8872,1
8873,36
8874,13
8879,10
8880,3
8882,3
8884,0
8892,2
8893,0
8899,5
8903,0
8906,0
8907,3
8908,1
8910,3
8911,2
8914,3
8915,4
8916,7
8917,1
8918,0
8920,8
8921,10
8923,16
8927,0
8928,2
8929,0
8930,2
8931,2
8933,13
8935,3
8937,2
8938,9
8943,9
8946,2
8947,2
8948,7
8949,12
8950,7
8951,41
8954,1
8955,3
8957,8
8958,53
8961,68
8963,3
8964,2
8965,5
8966,17
8968,1
8969,11
8970,19
8972,1
8973,16
8974,1
8977,6
8979,1
8981,22
8982,8
8983,26
8984,4
8985,1
8986,0
8987,0
8988,1
8989,8
8998,2
8999,1
9000,1
9001,0
9004,1
9005,4
9010,5
9012,0
9018,9
25737,1
25744,0
25750,2
25752,1
25753,1
25755,2
25763,1
25764,2
25769,3
25771,0
25773,2
25774,0
25777,2
25788,2
25792,1
25795,0
25801,2
25805,1
25807,2
25825,2
25826,1
25827,5
25828,0
25839,0
25841,2
25842,2
25850,2
25852,0
25856,8
25865,1
25868,1
25874,0
25882,2
25886,3
25891,2
25898,1
25900,1
25901,9
25904,0
25906,2
25911,1
25916,2
25920,1
25927,2
25929,0
25930,2
25937,2
25940,1
25941,2
25945,3
25947,0
25952,5
25962,3
25965,2
25971,5
25972,0
25993,1
25995,1
25996,7
25999,0
26003,2
26005,0
26007,7
26009,4
26010,1
26012,0
26013,0
26025,2
26052,1
26079,6
26082,9
26084,6
26085,3
26086,3
26093,2
26094,2
26111,14
26116,3
26117,1
26122,2
26125,1
26131,9
26133,2
26147,4
26150,5
26151,8
26152,1
26157,0
26160,1
26163,4
26164,0
26171,4
26172,1
26176,5
26178,3
26180,1
26188,3
26198,2
26199,4
26208,4
26228,5
26229,5
26231,1
26241,4
26242,3
26251,6
26258,4
26265,1
26268,3
26271,5
26294,1
26302,4
26303,1
26313,1
26317,0
26318,2
26320,0
26322,0
26323,0
26324,4
26325,5
26326,2
26338,5
26342,1
26346,11
26349,2
26350,6
26366,9
26371,0
26375,4
26386,2
26391,2
26393,3
26394,11
26400,1
26403,1
26404,4
26409,1
26413,0
26414,1
26422,2
26425,0
26430,1
26435,7
26462,1
26464,1
26467,6
26471,0
26472,3
26480,0
26485,3
26487,1
26492,1
26494,1
26501,2
26505,1
26509,2
26513,0
26524,11
26528,12
26547,7
26554,10
26555,0
26562,3
26564,11
26574,18
26578,9
26581,7
26585,6
26587,9
26599,12
26603,1
26606,12
26614,1
26622,1
26631,1
26649,18
26655,4
26662,4
26663,6
26680,0
26684,0
26686,3
26689,3
26693,3
26694,10
26695,4
26700,0
26701,0
26702,6
26704,0
26712,1
26726,1
26729,8
26731,3
26732,5
26736,0
26737,1
26749,3
26750,2
26775,1
26776,3
26782,6
26784,0
26788,20
26791,5
26797,3
26809,1
26810,9
26812,8
26819,2
26835,10
26838,11
26840,4
26842,2
26843,0
26850,4
26854,0
26865,2
26870,1
26886,1
26903,0
26915,1
26947,1
26974,4
26999,3
27002,22
27005,9
27020,10
27022,1
27032,2
27075,1
27109,0
27156,2
27178,2
27186,11
27193,1
27251,5
27253,2
27255,4
27266,38
27317,4
27322,9
27329,2
27334,3
27338,1
27351,0
27369,0
27373,4
27376,11
27397,16
27410,7
27416,7
27423,10
27441,2
27478,0
27482,1
27523,7
27544,3
27555,2
27592,7
27604,1
27611,5
27646,4
27648,10
27660,2
27664,2
27674,1
27685,2
27689,0
27700,9
27704,2
27706,10
27713,1
27721,17
27722,9
27724,5
27727,25
27728,6
27731,1
27741,38
27751,2
27768,3
27772,1
27773,40
27778,1
27783,10
27784,0
27788,1
27790,2
27792,6
27793,1
27798,1
27800,0
27801,2
27802,6
27803,69
27808,5
27812,1
27815,12
27816,16
27821,3
27822,2
27826,4
27831,2
27834,34
27837,2
27838,4
27839,2
27846,12
27850,1
27851,8
27857,2
27867,1
27869,13
27871,17
27873,5
27875,12
27876,11
27878,21
27879,2
27882,1
27899,2
27904,4
27912,0
27922,4
30707,67
30712,1
30723,0
30745,5
30749,16
30783,1
30793,15
30803,17
30810,3
30812,85
30816,7
30818,7
30820,7
30822,2
30825,2
30846,2
30848,4
30850,2
30867,14
30883,3
30892,2
30894,1
30898,5
31000,0
31026,1
31035,2
31101,3
31104,2
31109,0
31114,1
31116,5
31150,3
31156,1
31162,31
31184,0
31193,1
31221,2
31225,3
31270,1
31284,7
31290,0
31364,33
31374,2
31408,4
31410,22
31413,6
31420,1
31422,1
31427,1
31431,0
31433,0
31435,5
31437,13
31445,0
31502,4
31522,13
31524,3
31547,1
31549,0
31658,14
31660,3
31682,1
31685,4
31689,1
31694,1
31696,2
31700,2
31724,1
31737,3
31747,0
31770,0
31804,2
31878,25
31903,4
31921,1
31923,4
31930,3
31952,19
31956,1
31963,1
31973,4
32017,1
32019,1
32022,1
32025,4
32029,4
32031,2
32078,2
32139,3
32153,1
32160,1
32170,9
32174,2
32203,11
32211,0
32234,21
32280,2
32289,0
32291,0
32296,2
32298,16
32302,0
32349,2
32352,0
32369,3
32371,3
32381,1
32387,1
32395,0
32444,9
32456,3
32460,9
32464,5
32469,0
32515,1
32525,1
32554,1
32562,21
32582,2
32587,38
32591,8
32596,2
32598,9
32632,3
32666,0
32686,0
32728,2
32735,1
32743,1
32797,0
32825,2
32840,1
32844,1
32853,6
32882,0
32892,2
32898,1
32914,2
32943,8
33004,1
33021,1
33085,2
33124,8
33138,3
33145,1
33154,0
33158,1
33162,5
33164,5
33166,66
33171,5
33296,0
33312,2
33358,2
33380,10
33437,1
33493,26
33495,6
33499,1
33558,9
33587,1
33592,4
33615,4
33621,41
33639,8
33646,3
33660,16
33669,1
33672,1
33679,9
33681,1
33683,6
33688,20
33750,13
33760,3
33794,13
33817,9
33826,6
33830,2
33834,2
33836,2
33838,1
33880,22
33896,5
33903,11
33912,6
33917,1
34002,0
34018,0
34048,16
34072,22
34129,2
34143,6
34150,4
34153,17
34162,11
34164,6
34198,1
34271,25
34319,1
34321,1
34323,10
34326,3
34332,1
34334,2
34336,1
34338,6
34359,6
34364,3
34405,9
34435,5
34437,5
34517,0
34520,5
34523,1
34528,21
34530,3
34532,5
34534,5
34536,1
34542,21
34552,6
34583,0
34608,2
35836,10
35957,2
36152,7
36276,29
36289,4
36397,2
36401,4
36509,0
36517,35
36519,0
36525,1
36527,4
36529,2
36533,0
36535,7
36553,2
36708,4
36931,7
37211,0
37240,4
37277,0
37380,3
37382,2
37384,0
37386,5
37475,3
37477,1
37720,4
37727,2
37729,9
37731,4
37733,37
37736,2
37739,3
37741,59
37785,0
37830,0
37853,1
37855,1
37857,5
38038,40
38061,5
38304,9
38384,4
38499,65
38798,1
38886,23
38992,2
38994,1
39052,0
39183,14
39231,2
39234,5
39292,38
39307,1
39381,13
39398,1
39408,1
39414,1
39416,0
39419,2
39421,0
39427,1
39435,2
39444,0
39446,4
39659,1
39715,2
39768,6
39779,1
39869,1
39941,1
40148,1
40226,1
40278,6
40339,4
40412,4
40414,6
40491,6
40574,6
40581,3
40583,13
40597,11
40614,0
40629,13
40723,3
40732,8
40815,13
40817,1
40819,45
40826,1
40833,4
40851,2
40870,38
40946,0
40959,2
41226,5
41285,12
41336,2
41527,13
41566,18
41569,46
41571,32
41573,4
41585,3
41714,3
41716,1
41769,0
41863,5
41912,0
41997,14
42002,1
42004,32
42007,0
42009,1
42011,1
42013,1
42015,5
42163,1
42191,5
42197,1
42217,5
42351,4
42418,6
42632,12
42677,0
42681,3
42718,1
42721,4
42723,6
42725,1
42728,0
42730,5
42732,7
42734,1
42738,2
42740,0
42783,2
42900,1
42935,6
42946,1
42958,0
43177,0
43267,5
43333,17
43351,4
43376,22
43391,3
43396,11
43419,0
43556,0
43558,1
43560,3
43635,7
43679,6
43708,3
43744,1
43832,2
43836,1
43838,1
43869,1
43871,3
43899,2
43904,3
43908,1
43910,1
43917,2
43919,4
43921,4
43928,1
43930,7
43932,1
43936,2
44004,5
44022,8
44073,2
44191,7
44193,2
44195,12
44197,1
44199,5
44204,23
44225,1
44245,1
44301,3
44317,0
44397,2
44421,1
44511,1
44555,80
44587,1
44597,0
44613,1
44633,2
44665,5
44671,2
44694,61
44709,11
44717,14
44731,0
44759,8
44761,11
44788,3
44828,2
44840,7
44849,2
44864,2
44911,2
44972,1
44974,10
45000,1
45028,5
45062,2
45081,8
45172,7
45179,0
45183,0
45186,7
45208,1
45210,29
45221,0
45382,1
45431,7
45440,0
45442,7
45447,8
45499,7
45501,3
45506,5
45517,28
45521,0
45662,1
45666,1
45668,2
45672,3
45679,3
45720,19
45722,45
45726,3
45728,3
45730,10
45732,1
45837,2
45880,19
45928,4
45942,3
45950,33
45969,0
45987,1
46062,10
46322,6
46335,1
46337,4
46347,1
46530,12
46544,5
46559,4
46561,1
46574,2
46578,72
46664,7
46723,43
46772,0
46850,1
46855,4
46865,6
46919,2
46948,4
46965,4
46967,2
46970,8
46972,2
46974,4
46976,3
47044,1
47092,0
47099,12
47122,2
47124,1
47148,3
47152,8
47196,2
47200,2
47202,25
47254,0
47261,2
47274,2
47287,1
47330,0
47382,1
47384,4
47404,1
47423,29
47465,1
47491,20
47493,1
47518,4
47606,0
47610,11
47629,96
47640,1
47714,1
47721,5
47728,0
47810,2
47815,0
47894,7
47937,3
47950,3
47952,0
47978,10
47997,1
47999,6
48032,5
48043,9
48061,1
48082,7
48142,4
48159,0
48165,2
48198,1
48231,9
48262,2
48268,10
48301,2
48304,9
48319,2
48322,1
48385,20
48394,10
48414,1
48501,1
48516,97
48518,6
48520,2
48522,3
48560,3
48591,3
48593,1
48596,0
48660,3
48682,5
48696,20
48698,5
48711,0
48738,49
48741,2
48744,7
48774,49
48780,6
48783,15
48791,3
48817,3
48856,8
48872,11
48877,1
48972,8
48982,7
48997,15
49013,4
49132,8
49220,3
49225,6
49265,1
49272,27
49274,20
49278,1
49280,6
49284,1
49286,2
49299,9
49314,2
49394,2
49396,2
49526,1
49528,1
49530,8
49647,10
49649,1
49651,4
49688,4
49772,11
49817,0
49822,2
49824,67
49902,1
49910,2
49917,8
49932,4
49957,2
49961,15
50005,20
50011,26
50064,3
50068,24
50147,2
50160,5
50162,1
50189,1
50245,1
50259,5
50442,3
50445,2
50514,9
50583,1
50601,6
50641,1
50651,6
50658,6
50685,6
50703,0
50740,1
50742,1
50792,0
50794,4
50798,2
50802,1
50804,2
50806,8
50842,1
50851,0
50872,67
50912,3
50923,0
50954,0
51044,0
51077,1
51080,1
51084,6
51086,5
51088,1
51091,1
51094,0
51127,0
51174,1
51207,1
51255,2
51277,0
51304,0
51357,10
51372,0
51380,1
51412,2
51418,6
51471,3
51540,4
51575,1
51662,19
51698,7
51705,1
51709,29
51773,7
51834,3
51884,5
51925,2
51927,0
51931,3
51935,2
51937,0
51939,3
52241,1
52245,3
52281,10
52287,1
52319,0
52328,1
52378,1
52435,0
52456,1
52458,5
52460,1
52462,0
52528,11
52545,1
52579,49
52604,1
52606,0
52617,8
52644,1
52666,2
52668,0
52694,2
52712,1
52717,1
52722,4
52730,2
52767,1
52831,0
52885,6
52913,0
52950,8
52952,14
52967,62
52973,8
52975,21
53000,3
53024,1
53038,1
53121,5
53123,24
53125,23
53129,2
53133,1
53138,1
53189,6
53207,3
53318,3
53322,1
53326,1
53435,10
53447,8
53460,2
53464,3
53466,7
53468,13
53519,8
53550,1
53737,1
53883,5
53887,3
53894,14
53953,4
53956,3
53972,3
53974,1
53993,2
53996,25
53999,1
54001,17
54004,14
54190,2
54220,3
54251,13
54256,2
54259,5
54270,0
54272,5
54276,1
54281,1
54286,29
54290,5
54328,3
54331,1
54372,12
54419,7
54426,12
54503,11
54513,8
54648,9
54732,0
54734,0
54736,5
54745,2
54768,1
54771,1
54775,1
54780,1
54785,3
54787,3
54881,9
54910,5
54995,3
54997,3
54999,3
55031,0
55052,51
55063,4
55069,43
55071,12
55078,3
55094,3
55100,0
55110,2
55116,0
55118,28
55156,2
55167,5
55207,6
55232,2
55245,1
55247,23
55250,3
55253,29
55259,0
55261,1
55267,4
55269,4
55272,2
55274,7
55276,28
55280,7
55282,14
55290,33
55294,3
55363,26
55417,7
55442,30
55444,31
55451,2
55498,7
55555,38
55566,1
55577,2
55652,0
55684,1
55687,7
55721,47
55732,2
55757,0
55765,12
55768,1
55805,17
55814,68
55820,16
55830,4
55851,5
55872,4
55895,2
55908,5
55946,3
55995,3
55999,3
56003,1
56015,0
56030,3
56069,2
56079,1
56095,27
56145,6
56152,12
56156,2
56169,1
56171,7
56174,9
56176,3
56251,1
56274,3
56286,28
56333,17
56336,1
56339,32
56367,89
56563,3
56587,3
56607,6
56633,0
56715,9
56757,34
56775,1
56782,11
56788,5
56801,5
56805,1
56869,16
56885,10
56908,0
56915,6
56921,1
56941,2
56949,5
57038,52
57223,2
57243,47
57274,16
57326,4
57353,0
57368,5
57401,1
57418,7
57430,1
57453,6
57504,12
57526,1
57528,1
57532,6
57640,5
57669,24
57792,6
57845,1
57910,2
57951,5
57972,4
57980,4
58025,2
58029,4
58047,1
58103,2
58105,2
58107,2
58146,4
58154,3
58156,1
58191,11
58293,0
58295,3
58297,1
58299,1
58301,1
58303,7
58306,16
58315,5
58347,0
58351,14
58365,2
58376,0
58425,1
58432,1
58520,2
58554,7
58559,15
58627,1
58649,5
58655,1
58706,8
58803,1
58839,1
58879,4
58889,1
58904,2
58964,9
58972,2
58975,7
58998,4
59014,1
59016,1
59018,19
59022,1
59037,1
59103,5
59118,39
59126,2
59141,3
59143,0
59180,1
59258,1
59273,5
59306,1
59315,21
59333,1
59339,2
59369,2
59387,4
59392,0
59418,3
59421,5
59429,0
59447,3
59501,4
59519,16
59549,11
59590,10
59594,1
59615,10
59669,3
59684,14
59721,0
59725,2
59727,1
59731,2
59784,14
59805,2
59810,10
59814,3
59832,0
59834,0
59846,2
59900,2
59935,2
59945,1
59985,1
59995,13
60037,3
60040,1
60069,95
60072,4
60074,4
60086,13
60126,3
60128,5
60135,3
60137,3
60161,1
60291,5
60293,4
60295,14
60333,2
60343,1
60382,5
60384,1
60397,15
60471,1
60487,4
60514,3
60516,2
60609,4
60649,1
60674,3
60684,11
60753,0
60756,3
60760,0
60763,2
60766,46
60832,0
60857,6
60937,2
60943,32
60950,32
60990,2
61013,5
61024,2
61026,14
61071,1
61075,3
61123,4
61132,10
61160,2
61167,1
61206,3
61210,0
61236,45
61240,75
61248,1
61250,2
61289,4
61323,8
61348,1
61350,1
61352,5
61357,7
61361,4
61394,0
61401,4
61465,1
61634,0
61646,22
61705,1
61729,3
62049,0
62081,3
62113,0
62115,6
62155,9
62203,7
62250,34
62331,0
62336,1
62344,32
62374,2
62376,6
62378,1
62383,1
62394,1
62434,2
62437,1
62511,8
62644,9
62718,3
62733,6
62764,2
62792,2
62801,0
62849,1
62912,8
62956,1
62999,4
63062,14
63072,5
63082,15
63113,4
63131,1
63179,2
63239,3
63276,3
63393,2
63436,1
63479,0
63481,3
63515,16
63540,3
63629,1
63808,11
63826,7
63836,1
63853,12
63859,1
63876,66
63992,32
64030,2
64032,1
64034,7
64114,1
64116,1
64153,1
64197,49
64229,6
64249,4
64278,1
64285,3
64321,1
64338,2
64497,2
64499,4
64501,2
64508,1
64575,25
64614,21
64620,23
64622,26
64660,3
64695,1
64701,15
64716,4
64839,58
64900,1
64957,83
64969,3
64983,3
64990,1
64993,1
64997,0
65037,7
65088,3
65126,2
65130,20
65133,1
65135,0
65188,2
65193,0
65216,2
65230,2
65259,10
65261,12
65310,0
65418,9
65465,1
65514,12
65552,2
65567,0
65577,1
65585,1
65601,4
65638,0
65642,10
65665,0
65682,2
65685,1
65802,1
65982,3
66019,0
66066,0
66090,9
66097,8
66130,2
66171,1
66198,1
66200,3
66203,1
66246,0
66297,1
66310,1
66317,0
66335,1
66371,40
66427,0
66509,3
66544,10
66596,0
66659,1
66665,3
66686,0
66744,32
66785,12
66798,3
66808,0
66915,0
66934,9
67087,1
67193,1
67197,1
67252,8
67255,18
67267,2
67295,4
67361,0
67408,3
67429,7
67504,1
67508,4
67665,23
67695,1
67734,1
67788,1
67799,0
67867,1
67923,6
67957,0
67997,16
68073,2
68099,0
68135,3
68137,2
68157,13
68159,2
68194,5
68205,1
68237,28
68269,13
68319,3
68324,2
68347,14
68358,27
68444,1
68486,8
68536,2
68554,1
68614,6
68659,0
68791,2
68793,2
68835,18
68838,2
68848,3
68872,11
68884,0
68901,4
68932,1
68945,1
68952,7
68954,79
68959,5
68965,0
68967,8
69069,1
69118,2
69122,13
69134,21
69241,2
69253,0
69275,2
69278,2
69280,0
69306,1
69406,7
69436,1
69458,1
69481,12
69495,2
69516,1
69524,0
69526,15
69529,2
69559,0
69604,2
69606,1
69640,1
69644,3
69654,0
69685,0
69712,4
69720,0
69746,0
69757,17
69761,5
69784,2
69805,1
69821,0
69844,9
69849,17
69908,3
69945,0
69951,5
69974,3
70121,0
70159,1
70183,3
70188,2
70201,5
70282,2
70286,31
70293,24
70305,1
70336,3
70344,4
70418,22
70465,6
70488,1
70533,3
70545,0
70565,0
70567,2
70597,1
70599,1
70663,1
70678,2
70697,1
70728,3
70751,3
70762,2
70846,3
70862,7
70898,0
70927,0
70946,0
70984,8
70994,1
71033,53
71057,9
71102,0
71106,0
71108,62
71131,0
71135,0
71156,1
71180,10
71205,3
71211,1
71248,0
71252,2
71254,1
71264,1
71282,7
71304,17
71318,4
71379,3
71390,1
71404,0
71429,1
71433,1
71438,11
71460,3
71462,39
71464,17
71466,3
71468,1
71490,2
71494,0
71518,8
71520,1
71525,0
71530,0
71533,0
71535,10
71573,0
71579,36
71640,21
71650,0
71668,1
71700,2
71732,1
71745,7
71755,2
71804,0
71810,1
71823,1
71838,3
71876,3
71899,5
72011,75
72043,1
72104,5
72109,1
72129,2
72131,6
72165,1
72169,4
72171,1
72176,1
72209,4
72224,2
72226,32
72294,3
72308,1
72356,0
72367,35
72378,5
72380,6
72386,9
72393,1
72395,11
72405,3
72407,20
72479,17
72489,0
72603,1
72605,4
72612,2
72626,0
72630,6
72641,9
72647,0
72683,1
72694,2
72696,5
72701,3
72720,39
72731,10
72733,12
72737,10
72741,1
72762,0
72781,0
72880,0
72919,2
72947,3
72998,89
73015,8
73017,10
73023,40
73042,3
73101,3
73106,0
73168,1
73211,1
73266,1
73268,3
73276,2
73290,1
73319,0
73321,3
73323,1
73344,52
73386,2
73392,0
73469,2
73488,0
73531,3
73572,2
73587,5
73664,1
73741,0
73759,5
73808,27
73854,0
73860,6
73881,63
73929,0
74089,1
74115,0
74152,0
74154,3
74156,1
74228,1
74275,6
74282,8
74324,34
74327,4
74370,3
74416,21
74438,1
74450,7
74452,4
74458,11
74486,3
74508,3
74510,1
74530,11
74532,1
74545,33
74580,2
74624,11
74630,1
74649,2
74668,1
74677,3
74685,11
74688,4
74698,1
74727,0
74740,4
74754,1
74787,25
74789,35
74795,6
74851,0
74868,1
74916,2
74944,1
74946,1
74948,1
75341,4
75349,1
75440,5
75803,4
75805,4
75813,1
75816,0
75823,0
75983,4
75985,2
75990,4
76030,3
76054,2
76060,0
76077,5
76091,44
76093,25
76111,21
76173,5
76175,4
76210,1
76251,19
76272,9
76293,4
76303,0
76738,7
76763,6
77191,6
77201,4
77206,5
77291,1
77307,20
77359,1
77364,1
77414,4
77421,7
77427,8
77435,2
77455,24
77561,7
77658,4
77798,2
77800,9
77808,1
77810,3
77837,11
77846,7
77866,1
77907,1
78034,1
78039,9
78041,2
78088,16
78101,2
78105,1
78111,0
78116,5
78122,6
78160,0
78174,8
78209,14
78218,0
78264,2
78266,4
78316,6
78321,0
78349,2
78467,1
78469,2
78499,61
78517,5
78544,0
78574,63
78637,1
78653,7
78703,1
78729,1
78772,22
78829,2
78836,4
78893,8
78903,2
78967,6
79006,1
79008,0
79029,2
79057,2
79091,3
79132,15
79134,3
79136,2
79139,1
79163,2
79185,3
79203,6
79224,5
79242,29
79251,1
79259,1
79274,1
79293,4
79299,1
79318,5
79357,11
79428,1
79469,7
79553,6
79588,4
79590,0
79592,3
79677,1
79686,1
79695,3
79702,18
79720,39
79796,1
79824,3
79868,6
79879,2
79946,1
80026,0
80083,0
80126,4
80166,1
80185,9
80217,1
80219,2
80241,0
80346,1
80350,7
80363,2
80463,17
80489,9
80549,9
80551,2
80553,2
80572,1
80584,3
80586,2
80590,1
80599,3
80615,4
80693,2
80717,3
80727,0
80736,0
80748,0
80831,14
80839,3
80844,1
80846,2
80858,2
80860,2
80862,2
80864,2
80906,8
80917,14
80969,8
81018,7
81054,2
81083,1
81132,5
81138,9
81156,1
81158,10
81191,16
81229,4
81417,1
81512,4
81516,3
81535,3
81537,7
81562,23
81564,2
81591,97
81641,4
81660,0
81782,1
81784,1
81786,10
81788,3
81819,21
81831,23
81834,15
81845,10
81847,10
81898,0
81910,1
81932,74
81949,0
82035,0
82037,5
82041,2
82093,1
82095,1
82150,1
82152,1
82167,1
82169,2
82173,5
82202,4
82242,12
82313,0
82378,1
82459,38
82461,10
82463,23
82499,3
82527,18
82534,2
82608,3
82667,17
82852,3
82854,3
82931,11
82934,5
83086,6
83096,1
83132,12
83134,10
83177,2
83270,3
83293,28
83318,0
83322,0
83332,1
83349,4
83359,1
83361,0
83374,1
83411,1
83480,2
83506,0
83603,0
83613,1
83803,3
83827,20
83829,0
83910,1
83976,2
84098,1
84116,27
84152,2
84154,1
84160,3
84187,1
84236,2
84304,0
84312,0
84374,2
84392,1
84395,1
84414,1
84506,13
84601,3
84615,1
84637,1
84696,1
84772,2
84844,3
84847,1
84944,46
84950,1
84952,9
84954,1
85016,1
85020,1
85022,0
85025,1
85056,1
85131,1
85179,10
85213,1
85261,2
85316,2
85342,45
85367,5
85394,12
85397,5
85399,4
85401,1
85412,12
85414,1
85438,10
85510,1
85572,1
85612,1
85736,0
85774,20
85780,1
85788,8
85796,1
85881,5
86000,13
86014,2
86028,0
86059,2
86142,15
86190,8
86290,4
86293,3
86298,3
86320,35
86332,5
86345,2
86347,1
86377,0
86487,26
86504,1
86548,3
86593,3
86626,5
86644,9
86721,4
86781,40
86817,5
86833,25
86835,3
86852,2
86864,2
86880,3
86882,26
86884,9
86892,18
86898,11
86911,5
86982,0
87192,19
87205,3
87218,0
87222,5
87232,21
87234,6
87298,1
87304,36
87306,11
87383,1
87430,3
87444,1
87483,1
87485,6
87520,11
87522,3
87529,1
87598,1
87660,5
87785,2
87869,3
87876,1
87884,1
87930,3
87975,0
88024,7
88106,3
88118,3
88125,46
88129,79
88140,4
88163,4
88179,1
88235,17
88267,2
88272,12
88345,1
88356,2
88380,1
88405,1
88672,0
88682,1
88744,21
88785,1
88810,79
88812,0
88879,1
88932,2
88950,2
88954,1
89000,5
89030,2
89039,7
89045,0
89047,1
89072,3
89085,13
89087,2
89090,1
89102,1
89118,28
89194,1
89203,1
89260,16
89300,3
89305,2
89321,1
89337,10
89343,3
89356,12
89388,2
89408,1
89427,1
89470,2
89492,29
89678,1
89745,38
89753,35
89759,89
89761,18
89774,5
89804,9
89837,3
89840,2
89864,12
89870,0
89881,0
89904,16
90057,42
90061,2
90249,2
90266,10
90343,3
90345,5
90357,24
90374,22
90376,26
90403,5
90405,2
90428,10
90430,7
90439,8
90469,1
90522,4
90524,2
90531,50
90576,1
90600,8
90603,1
90647,9
90717,3
90719,5
90738,1
90746,22
90863,6
90866,61
90870,2
90888,1
90890,14
90947,19
91077,65
91094,17
91104,11
91126,15
91128,2
91134,18
91199,24
91273,0
91286,1
91323,2
91325,8
91355,1
91414,3
91470,0
91483,1
91485,4
91488,2
91500,33
91505,1
91529,39
91535,1
91542,3
91548,1
91582,0
91610,1
91622,3
91628,2
91630,5
91653,1
91658,27
91660,1
91673,19
91688,0
91690,2
91842,1
91869,8
91873,1
91886,4
91890,25
91935,3
91947,8
91974,1
91976,2
91978,1
92004,1
92008,7
92048,8
92058,1
92163,2
92198,1
92206,0
92210,0
92234,2
92259,38
92264,1
92309,2
92420,2
92424,1
92439,1
92494,0
92496,0
92498,0
92507,1
92509,3
92535,1
92613,0
92665,0
92681,7
92694,3
92751,3
92756,2
92938,4
92954,4
92966,0
93040,13
93061,2
93242,0
93265,2
93270,5
93272,4
93287,1
93320,0
93324,4
93326,1
93363,2
93422,12
93432,0
93443,1
93498,31
93510,11
93512,1
93563,1
93693,3
93700,2
93721,3
93766,2
93805,4
93831,1
93838,9
93840,20
93855,5
93980,4
93982,5
94011,0
94015,2
94018,4
94024,0
94070,4
94266,0
94323,3
94325,5
94466,33
94478,2
94480,0
94494,7
94672,0
94677,1
94777,1
94780,13
94799,1
94833,20
94864,6
94896,10
94919,3
94931,3
94939,8
94953,1
94959,36
94969,24
95067,3
95088,8
95105,3
95113,1
95115,0
95135,2
95147,0
95165,0
95167,20
95182,0
95199,12
95201,2
95207,1
95307,2
95309,3
95311,2
95313,1
95375,1
95377,1
95441,13
95443,0
95449,9
95473,0
95475,0
95499,0
95508,1
95510,2
95543,2
95558,90
95567,0
95583,7
95654,9
95720,2
95740,0
95744,1
95752,0
95761,9
95780,0
95782,0
95858,6
95873,1
95875,2
95949,4
95963,0
95965,0
96004,0
96007,0
96020,3
96075,24
96079,67
96110,2
96114,0
96150,8
96281,19
96314,4
96373,10
96417,1
96432,1
96448,2
96467,3
96488,44
96490,6
96530,0
96563,5
96565,1
96588,7
96590,2
96606,1
96610,18
96616,5
96634,1
96655,2
96667,9
96691,2
96726,2
96728,75
96737,2
96792,0
96811,3
96815,5
96821,19
96829,38
96832,29
96849,7
96861,1
96863,5
96901,1
96911,21
97057,12
97168,1
97188,3
97225,2
97230,1
97254,2
97304,94
97306,3
97328,7
97393,4
97395,1
97470,0
97593,1
97639,13
97673,3
97742,4
97744,3
97752,15
97757,0
97817,0
97826,4
97836,3
97858,1
97860,3
97866,13
97870,18
97895,10
97913,33
97921,89
97923,15
97936,33
97938,81
97957,11
97994,0
98000,10
98056,84
98083,0
98122,3
98124,5
98126,1
98154,10
98160,1
98175,0
98230,0
98243,14
98279,1
98296,0
98369,5
98441,0
98458,0
98473,3
98491,3
98585,5
98587,16
98604,6
98607,1
98611,0
98615,0
98795,2
98803,0
98809,11
98829,0
98836,1
98908,0
98913,12
98933,2
98961,85
98963,38
99005,1
99007,2
99030,7
99085,0
99089,0
99106,1
99112,1
99114,58
99117,2
99145,28
99149,85
99220,4
99270,0
99273,0
99276,0
99296,1
99320,1
99415,1
99437,2
99468,10
99470,0
99574,3
99609,6
99615,0
99669,1
99675,13
99728,5
99741,2
99764,2
99795,3
99811,5
99813,1
99839,4
99846,0
99912,11
99917,5
99992,8
100017,7
100032,5
100034,2
100083,4
100106,2
100159,11
100163,3
100226,1
100272,48
100304,2
100306,0
100326,1
100365,16
100383,5
100390,1
100450,3
100487,9
100498,5
100517,7
100527,3
100553,10
100556,55
100581,2
100714,20
100745,0
100843,25
101025,1
101070,22
101076,1
101088,4
101106,2
101112,6
101142,5
101283,1
101285,10
101360,1
101362,1
101415,1
101525,5
101529,2
101531,2
101577,1
101612,0
101741,3
101850,2
101864,1
101884,0
101895,3
101904,0
101947,2
101962,19
102033,4
102123,10
102125,20
102165,0
102194,15
102217,0
102252,1
102278,0
102378,0
102396,2
102407,50
102445,7
102469,10
102481,2
102588,25
102666,0
102684,14
102686,2
102716,10
102720,2
102753,15
102792,38
102800,1
102819,46
102880,3
102903,1
102905,1
102993,5
102995,1
103042,7
103048,5
103107,21
103137,4
103141,9
103210,4
103221,4
103228,7
103235,25
103249,3
103253,1
103279,3
103299,15
103335,12
103339,3
103341,4
103372,7
103384,5
103444,0
103449,3
103502,3
103539,9
103543,2
103596,1
103624,36
103655,0
103659,0
103671,5
103688,15
103731,0
103755,1
103772,2
103801,1
103810,3
103813,0
103819,0
103865,0
103883,3
103980,56
103984,60
104069,2
104074,3
104076,8
104078,2
104119,4
104129,0
104211,4
104218,5
104241,1
104243,2
104245,5
104272,6
104283,26
104303,2
104312,6
104321,1
104337,16
104339,3
104374,3
104419,0
104441,1
104457,11
104590,6
104595,0
104597,1
104662,0
104726,0
104757,1
104760,2
104841,23
104863,2
104879,10
104881,1
104906,1
104913,6
104925,1
104944,37
105037,0
105121,0
105197,29
105211,8
105213,2
105246,1
105254,1
105351,2
105355,86
105429,2
105468,16
105504,16
105585,3
105593,9
105715,1
105731,6
105755,5
105763,0
105769,10
105844,24
105954,3
106002,1
106004,0
106011,1
106022,6
106062,1
106072,4
106100,84
106111,0
106144,12
106204,25
106236,1
106330,4
106332,3
106397,0
106417,2
106438,33
106441,9
106452,68
106471,6
106473,4
106487,22
106489,19
106491,5
106540,0
106542,2
106642,2
106696,82
106762,0
106766,46
106782,37
106839,13
106870,0
106873,2
106883,1
106916,70
106918,5
106920,83
107042,1
107057,4
107069,6
107081,0
107083,2
107141,13
107314,4
107348,1
107382,2
107406,34
107412,0
107447,1
107516,0
107555,7
107559,7
107636,0
107649,13
107702,1
107769,3
107771,9
107910,1
107945,1
107953,7
107978,23
107999,0
108076,1
108090,0
108156,1
108188,3
108190,7
108192,0
108447,1
108506,3
108514,24
108548,79
108551,1
108583,5
108601,6
108689,1
108709,13
108715,0
108727,14
108729,17
108795,0
108873,12
108928,3
108932,72
108945,4
108949,5
108979,0
108981,14
109042,2
109074,1
109161,7
109183,0
109187,2
109191,2
109205,0
109249,6
109295,1
109317,0
109359,2
109372,1
109374,13
109483,1
109487,44
109576,1
109578,1
109673,2
109687,6
109740,10
109742,9
109846,2
109848,23
109850,1
109853,1
109864,6
109895,2
110058,3
110102,5
110110,17
110127,1
110194,2
110297,3
110348,3
110352,1
110453,1
110461,13
110501,11
110553,4
110586,9
110591,3
110611,1
110645,18
110655,2
110730,3
110748,1
110752,0
110771,3
110781,1
110826,1
110858,1
110871,28
110873,6
110882,7
111113,7
111228,2
111235,12
111249,13
111251,17
111360,1
111362,16
111364,7
111384,7
111443,2
111486,4
111505,0
111529,29
111617,1
111622,5
111624,1
111659,12
111663,0
111680,3
111743,6
111759,11
111781,6
111795,1
111913,4
111921,21
111931,2
112006,0
112062,4
112070,11
112112,0
112138,7
112171,1
112175,15
112183,19
112277,0
112290,17
112303,2
112334,4
112370,5
112399,12
112421,13
112450,0
112460,6
112497,1
112515,56
112550,8
112552,98
112556,64
112577,0
112582,25
112623,17
112653,0
112655,1
112689,9
112735,14
112749,1
112767,2
112788,2
112804,2
112818,3
112850,1
112852,52
112897,2
112911,2
112921,6
112940,3
113064,1
113186,10
113207,4
113220,1
113225,1
113252,6
113275,2
113345,4
113348,1
113378,3
113416,0
113453,2
113532,4
113565,4
113573,4
113640,2
113705,41
113741,5
113780,1
113829,2
113862,4
113938,3
114028,10
114044,5
114060,4
114074,4
114082,0
114122,3
114180,4
114254,3
114265,1
114342,31
114459,4
114464,1
114552,8
114601,1
114635,48
114662,24
114670,2
114707,4
114762,1
114766,0
114795,3
114818,0
114925,1
114935,12
115122,26
115139,0
115147,0
115149,5
115151,1
115170,3
115174,2
115210,5
115216,1
115231,7
115502,0
115534,1
115569,42
115617,17
115624,3
115664,3
115680,22
115713,73
115877,2
115881,4
115927,1
116012,0
116136,31
116161,13
116207,2
116397,1
116413,1
116419,0
116503,2
116660,8
116797,49
116799,15
116823,21
116849,0
116855,27
116887,5
116897,49
116939,1
116977,1
116985,1
117107,1
117121,4
117123,13
117176,25
117192,0
117434,7
117444,11
117456,4
117511,2
117529,15
117533,44
117590,1
117851,8
117871,14
117895,2
118082,3
118105,0
118248,0
118260,0
118326,0
118334,0
118354,3
118468,0
118696,8
118700,58
118702,14
118814,0
118880,9
118890,0
118898,15
118900,13
118924,5
118985,3
118997,10
119068,0
119141,1
119145,11
119155,1
119655,2
120392,2
120466,3
120635,3
120637,1
120783,2
120799,10
120805,4
120821,3
121113,0
121126,0
121171,5
121231,25
121491,7
121618,0
122490,1
122882,24
122886,62
122888,2
122890,2
122892,8
122900,4
122902,8
122904,28
122920,16
122924,1
122932,1
123663,0
123695,0
123947,5
124859,1
125916,9
126006,0
126106,1
126420,0
126430,35
126548,1
127052,1
127096,0
127098,1
127108,38
127114,4
127124,8
127136,4
127144,5
127152,7
127158,3
127164,6
127178,12
127194,2
127198,5
127202,18
127204,1
127206,1
127212,4
127319,1
127728,2
128235,1
128360,45
128512,4
128520,2
128592,1
128606,22
128616,3
128620,17
128846,0
129009,3
129191,4
129250,0
129313,2
129354,3
129364,1
129428,4
129514,1
129653,7
129657,2
129659,4
129737,1
129937,0
130073,8
130083,1
130087,3
130351,1
130448,1
130450,8
130452,1
130490,4
130520,3
130522,2
130576,3
130580,1
130628,9
130634,36
130642,3
130682,0
130960,0
130970,3
130980,1
131013,2
131168,17
131451,0
131714,0
131724,8
131796,6
131830,4
132046,2
132074,1
132146,1
132157,1
132333,0
132458,2
132462,0
132480,1
132488,1
132496,1
132547,0
132549,6
132618,4
132796,2
132800,1
132888,0
132952,8
132961,2
133195,2
133281,4
133295,0
133365,2
133377,0
133419,9
133545,0
133645,77
133771,34
133782,1
133798,4
133824,1
134025,0
134130,40
134158,0
134170,3
134246,0
134368,6
134393,5
134528,2
134569,1
134783,0
134853,10
134859,7
134881,20
135133,16
135137,5
135264,2
135266,1
135268,0
135436,4
135508,0
135518,0
135532,1
135536,18
135567,3
135569,3
135861,3
135887,4
136016,9
136018,6
136020,8
136305,2
136445,1
136447,2
136449,0
136562,28
136592,0
136598,1
136602,4
136654,2
136666,0
136800,1
136816,0
136864,14
137337,51
137403,0
137595,2
137857,33
138036,7
138204,0
138208,3
138258,1
138546,0
138610,1
138696,1
138698,1
139116,0
139130,0
139385,91
139415,3
139620,2
139642,11
139644,15
139757,6
139855,25
139915,0
140110,1
140152,2
140174,10
140237,1
140247,2
140265,2
140267,43
140523,1
140711,0
140715,28
140725,1
140739,2
140741,0
140743,0
140745,0
140747,1
140749,0
140751,1
140753,1
140755,1
140757,0
140759,2
140761,0
140763,1
140816,25
140880,5
140928,8
141124,0
141422,17
141668,5
141688,6
141718,15
141749,31
141866,8
141886,2
141890,31
141956,0
142068,3
142192,0
142240,4
142258,5
142422,2
142448,1
142488,12
142507,1
142536,6
142997,3
143255,0
143257,1
143377,5
143385,30
143410,5
143472,0
143657,4
143859,14
144172,6
144620,4
144714,3
144976,9
145150,15
145307,0
145775,1
145839,4
145935,2
146309,3
146443,2
146501,1
146604,0
146656,45
146682,2
146688,1
147006,0
147010,7
147037,1
147426,7
147845,2
148168,1
148238,8
148372,1
148482,1
148626,37
148652,0
148881,27
148888,7
148956,3
149352,1
149354,4
149406,1
149532,2
149572,9
149590,0
149606,91
149612,1
149830,1
150401,0
150548,0
150856,14
151307,5
151639,6
152017,6
152025,0
152057,1
152077,16
152079,1
152081,47
152091,3
152173,9
152844,0
153584,2
155064,19
155392,2
155611,1
155820,4
156025,0
156387,16
156607,16
156609,3
156726,2
157200,2
157296,17
157407,0
157667,1
158238,9
158314,0
158528,1
158783,70
158956,2
159093,5
159462,0
159690,10
159755,1
159858,4
159972,1
160080,5
160271,2
160438,3
160440,1
160563,2
160565,6
160567,4
160590,0
160656,2
160718,2
160954,5
161084,0
161155,0
161336,1
161582,47
161594,2
161830,1
161918,1
161944,1
162376,92
162542,1
162672,7
163056,13
163949,5
164977,1
164979,3